X,Y,Z,slop(x),slop(x/z),slop(1/z),slop(1/x),slop(z/x),slop(z),Label
402.6243,0.746279,35.925689,-1.564812,-18.06274818,-11.54307877,0.639,-0.055362561,-0.086632,0
-199.316695,0.746216,-3.09815,-1.606589,357.7352483,222.6675573,0.622,0.002795363,0.004491,1
824.763496,0.680672,-14.902596,-1.784364,14.93141652,8.367920739,0.56,0.066972882,0.119504,1
612.311677,0.746279,24.3159,-1.564812,-18.06253968,-11.54294553,0.639,-0.0553632,-0.086633,0
600.994719,0.746084,-0.570408,-1.594318,463.5993021,290.7822041,0.627,0.002157035,0.003439,1
114.695365,0.746279,51.867489,-1.564812,-18.06274818,-11.54307877,0.639,-0.055362561,-0.086632,0
69.31528,0.746279,54.380047,-1.56485,-18.05985135,-11.54094728,0.639,-0.055371441,-0.086648,0
585.658735,0.680672,-30.916263,-1.784364,14.93129158,8.367850718,0.56,0.066973443,0.119505,1
-366.80945,0.749374,-61.514203,-1.564315,22.79711159,14.57322316,0.639,0.043865206,0.068619,1
129.841548,0.746095,-118.299406,-1.60977,7.715168943,4.792715073,0.621,0.12961479,0.20865,1
-415.782382,0.746279,81.238513,-1.56485,-18.05985135,-11.54094728,0.639,-0.055371441,-0.086648,0
-266.793451,0.746216,-3.28677,-1.606589,357.7352483,222.6675573,0.622,0.002795363,0.004491,1
775.054118,0.746279,15.305318,-1.564812,-18.06274818,-11.54307877,0.639,-0.055362561,-0.086632,0
432.478134,0.746095,-79.073254,-1.609769,7.71516415,4.792715073,0.621,0.12961487,0.20865,1
-379.791284,0.746279,79.245796,-1.564812,-18.06274818,-11.54307877,0.639,-0.055362561,-0.086632,0
293.023057,0.680672,-50.51508,-1.784364,14.93129158,8.367850718,0.56,0.066973443,0.119505,1
-88.732687,0.746279,63.130716,-1.564812,-18.06253968,-11.54294553,0.639,-0.0553632,-0.086633,0
573.190917,0.746279,26.481898,-1.56485,-18.05985135,-11.54094728,0.639,-0.055371441,-0.086648,0
-434.114965,0.745906,59.547617,-1.728945,-24.9562638,-14.43438849,0.578,-0.040070101,-0.069279,1
-71.519525,0.746279,62.177666,-1.56485,-18.05985135,-11.54094728,0.639,-0.055371441,-0.086648,0
1040.904155,0.745009,13.709944,1.378872,2.945281878,-2.136008185,-0.725,0.339526076,-0.468163,1
1052.512128,0.74659,0.724223,-1.69846,45.26329816,26.64961092,0.589,0.022092955,0.037524,1
1038.259773,0.748345,-1.843894,-0.921295,0.944955747,1.025682053,1.09,1.058250615,0.974961,1
55.231781,0.746279,55.159817,-1.564812,-18.06274818,-11.54307877,0.639,-0.055362561,-0.086632,0
-112.205135,0.746279,64.430312,-1.56485,-18.05985135,-11.54094728,0.639,-0.055371441,-0.086648,0
47.407644,0.746279,55.59301,-1.56485,-18.05985135,-11.54094728,0.639,-0.055371441,-0.086648,0
540.329443,0.746279,28.30135,-1.564812,-18.06253968,-11.54294553,0.639,-0.0553632,-0.086633,0
449.541031,0.744162,-37.542748,-1.708547,15.67704434,9.175658812,0.585,0.063787534,0.108984,1
466.782397,0.746279,32.373432,-1.56485,-18.05964293,-11.54081409,0.639,-0.05537208,-0.086649,0
376.022189,0.746279,37.398565,-1.56485,-18.05985135,-11.54094728,0.639,-0.055371441,-0.086648,0
989.436007,0.746279,3.435601,-1.56485,-18.05985135,-11.54094728,0.639,-0.055371441,-0.086648,0
443.505386,0.749374,-25.969545,-1.564314,22.79709701,14.57322316,0.639,0.043865234,0.068619,1
418.272612,0.746279,35.059287,-1.564812,-18.06274818,-11.54307877,0.639,-0.055362561,-0.086632,0
-188.881881,0.746279,68.67569,-1.564813,-18.06275972,-11.54307877,0.639,-0.055362526,-0.086632,0
255.53017,0.746279,44.069869,-1.564812,-18.06253968,-11.54294553,0.639,-0.0553632,-0.086633,0
449.507864,0.744838,48.386722,-1.638067,-12.4049936,-7.572946406,0.61,-0.080612698,-0.132049,1
1050.151409,0.778746,3.441525,-0.921736,0.975620496,1.058459793,1.08,1.024988717,0.944769,1
286.826794,0.746279,42.337065,-1.564812,-18.06274818,-11.54307877,0.639,-0.055362561,-0.086632,0
-10.401617,0.749372,12.094802,-1.593054,-90.00305085,-56.49717514,0.628,-0.011110734,-0.0177,1
671.895282,0.749374,-15.951167,-1.564314,22.79709701,14.57322316,0.639,0.043865234,0.068619,1
1045.396237,0.745869,-1.4274,-1.174767,7.091776737,6.036751745,0.851,0.141008387,0.165652,1
-274.947577,0.746279,73.440894,-1.56485,-18.05985135,-11.54094728,0.639,-0.055371441,-0.086648,0
-120.949366,0.680672,-78.240235,-1.784364,14.93129158,8.367850718,0.56,0.066973443,0.119505,1
341.595904,0.746279,39.30465,-1.56485,-18.05985135,-11.54094728,0.639,-0.055371441,-0.086648,0
704.636735,0.746279,19.20412,-1.56485,-18.05985135,-11.54094728,0.639,-0.055371441,-0.086648,0
-201.400531,0.746279,69.368812,-1.564812,-18.06274818,-11.54307877,0.639,-0.055362561,-0.086632,0
329.589991,0.754196,85.225158,-1.605881,-8.438725374,-5.25488836,0.623,-0.118501309,-0.190299,1
-59.606218,0.744162,-70.01993,-1.708547,15.67718819,9.175743006,0.585,0.063786949,0.108983,1
955.009722,0.746279,5.341686,-1.56485,-18.05985135,-11.54094728,0.639,-0.055371441,-0.086648,0
168.186059,0.749374,-38.046494,-1.564314,22.79709701,14.57322316,0.639,0.043865234,0.068619,1
128.778865,0.746279,51.087719,-1.56485,-18.05985135,-11.54094728,0.639,-0.055371441,-0.086648,0
734.368508,0.746279,17.557964,-1.564812,-18.06274818,-11.54307877,0.639,-0.055362561,-0.086632,0
-445.703594,0.680672,-99.990141,-1.784364,14.93129158,8.367850718,0.56,0.066973443,0.119505,1
-546.542345,0.744162,-101.080321,-1.708548,15.67705351,9.175658812,0.585,0.063787497,0.108984,1
-406.393395,0.746279,80.718672,-1.56485,-18.05985135,-11.54094728,0.639,-0.055371441,-0.086648,0
1023.108437,0.743943,-46.890146,1.171158,-1.238590587,1.057577703,-0.854,-0.807369287,0.945557,1
627.959989,0.746279,23.449498,-1.564813,-18.06255122,-11.54294553,0.639,-0.055363165,-0.086633,0
928.407573,0.746279,6.814577,-1.564812,-18.06274818,-11.54307877,0.639,-0.055362561,-0.086632,0
-284.336564,0.746279,73.960735,-1.56485,-18.05985135,-11.54094728,0.639,-0.055371441,-0.086648,0
842.341878,0.746279,11.579781,-1.56485,-18.05985135,-11.54094728,0.639,-0.055371441,-0.086648,0
779.748631,0.746279,15.04539,-1.56485,-18.05985135,-11.54094728,0.639,-0.055371441,-0.086648,0
1039.009603,0.74813,-1.259276,-0.982011,1.19606181,1.217971906,1.02,0.836077193,0.821037,1
-252.575682,0.745906,52.273362,-1.728946,-24.95627824,-14.43438849,0.578,-0.040070077,-0.069279,1
997.260144,0.746279,3.002408,-1.564812,-18.06274818,-11.54307877,0.639,-0.055362561,-0.086632,0
482.430709,0.746279,31.50703,-1.56485,-18.05985135,-11.54094728,0.639,-0.055371441,-0.086648,0
598.228215,0.746279,25.095654,-1.56485,-18.05964293,-11.54081409,0.639,-0.05537208,-0.086649,0
499.643833,0.746279,30.553996,-1.564813,-18.06275972,-11.54307877,0.639,-0.055362526,-0.086632,0
623.466156,0.754196,50.400382,-1.605881,-8.438725374,-5.25488836,0.623,-0.118501309,-0.190299,1
282.297854,0.658266,44.506803,-1.704572,-17.25030866,-10.12002348,0.587,-0.057969977,-0.098814,1
776.618969,0.746279,15.21867,-1.564851,-18.05986289,-11.54094728,0.639,-0.055371406,-0.086648,0
1045.361661,0.744938,-0.105218,-1.722418,-20.08721005,-11.66221559,0.581,-0.049782921,-0.085747,1
1047.936592,0.744237,12.698698,1.008078,-1.414330209,1.402996801,-0.992,-0.707048463,0.71276,1
965.963521,0.746279,4.735212,-1.564812,-18.06274818,-11.54307877,0.639,-0.055362561,-0.086632,0
-235.022234,0.749372,14.590533,-1.593054,-90.00305085,-56.49717514,0.628,-0.011110734,-0.0177,1
-129.418297,0.746279,65.383362,-1.564812,-18.06274818,-11.54307877,0.639,-0.055362561,-0.086632,0
853.295677,0.746279,10.973307,-1.564812,-18.06253968,-11.54294553,0.639,-0.0553632,-0.086633,0
961.31047,0.746084,0.206875,-1.594318,463.5993021,290.7822041,0.627,0.002157035,0.003439,1
103.5871,0.745906,38.001967,-1.728945,-24.9562638,-14.43438849,0.578,-0.040070101,-0.069279,1
307.169618,0.746279,41.210734,-1.56485,-18.05985135,-11.54094728,0.639,-0.055371441,-0.086648,0
14.54617,0.746279,57.412462,-1.564812,-18.06274818,-11.54307877,0.639,-0.055362561,-0.086632,0
188.242449,0.746279,47.795391,-1.56485,-18.05985135,-11.54094728,0.639,-0.055371441,-0.086648,0
1022.836018,0.746744,37.775711,0.656714,0.480672503,-0.731935824,-1.52,2.080418569,-1.36624,1
-93.427161,0.746279,63.390629,-1.56485,-18.05985135,-11.54094728,0.639,-0.055371441,-0.086648,0
-145.750691,0.754196,141.553757,-1.605881,-8.438725374,-5.25488836,0.623,-0.118501309,-0.190299,1
432.356111,0.746279,34.279517,-1.56485,-18.05985135,-11.54094728,0.639,-0.055371441,-0.086648,0
-102.099292,0.746084,-2.087141,-1.594317,463.5990113,290.7822041,0.627,0.002157037,0.003439,1
728.109183,0.746279,17.904525,-1.564812,-18.06274818,-11.54307877,0.639,-0.055362561,-0.086632,0
465.217547,0.746279,32.460081,-1.564812,-18.06274818,-11.54307877,0.639,-0.055362561,-0.086632,0
491.819696,0.746279,30.987189,-1.56485,-18.05985135,-11.54094728,0.639,-0.055371441,-0.086648,0
-340.670486,0.746279,77.079783,-1.56485,-18.05985135,-11.54094728,0.639,-0.055371441,-0.086648,0
477.736196,0.746279,31.766959,-1.564812,-18.06274818,-11.54307877,0.639,-0.055362561,-0.086632,0
153.816163,0.746279,49.701475,-1.56485,-18.05985135,-11.54094728,0.639,-0.055371441,-0.086648,0
280.567469,0.746279,42.683626,-1.564812,-18.06274818,-11.54307877,0.639,-0.055362561,-0.086632,0
-304.444049,0.745906,54.351721,-1.728945,-24.95662404,-14.43459684,0.578,-0.040069522,-0.069278,1
524.681131,0.746279,29.167752,-1.564812,-18.06253968,-11.54294553,0.639,-0.0553632,-0.086633,0
-385.683283,0.696091,-140.097938,-1.626685,10.18466807,6.260995874,0.615,0.098186803,0.159719,1
-270.253102,0.746279,73.180981,-1.564813,-18.06275972,-11.54307877,0.639,-0.055362526,-0.086632,0
1044.348907,0.748541,-15.481662,1.049722,4.231879734,-4.031429021,-0.953,0.236301611,-0.248051,1
238.317046,0.746279,45.022904,-1.56485,-18.05985135,-11.54094728,0.639,-0.055371441,-0.086648,0
81.83393,0.746279,53.686925,-1.56485,-18.05985135,-11.54094728,0.639,-0.055371441,-0.086648,0
446.439573,0.746279,33.499763,-1.564812,-18.06274818,-11.54307877,0.639,-0.055362561,-0.086632,0
285.906431,0.749372,8.802562,-1.593054,-90.00305085,-56.49717514,0.628,-0.011110734,-0.0177,1
-375.096772,0.746279,78.985868,-1.56485,-18.05985135,-11.54094728,0.639,-0.055371441,-0.086648,0
308.73443,0.746279,41.124102,-1.564812,-18.06274818,-11.54307877,0.639,-0.055362561,-0.086632,0
959.729123,0.749374,-3.325265,-1.564314,22.79709701,14.57322316,0.639,0.043865234,0.068619,1
1049.640339,0.743821,1.486392,-0.845128,0.875412003,1.035833629,1.18,1.14231927,0.965406,1
889.286813,0.746279,8.980575,-1.56485,-18.05985135,-11.54094728,0.639,-0.055371441,-0.086648,0
922.148248,0.746279,7.161138,-1.564812,-18.06274818,-11.54307877,0.639,-0.055362561,-0.086632,0
323.37668,0.744838,58.554519,-1.638068,-12.40500117,-7.572946406,0.61,-0.080612649,-0.132049,1
-386.050609,0.746279,79.592357,-1.564812,-18.06274818,-11.54307877,0.639,-0.055362561,-0.086632,0
-198.270868,0.746279,69.195531,-1.564813,-18.06255122,-11.54294553,0.639,-0.055363165,-0.086633,0
225.09264,0.744838,66.477477,-1.638067,-12.40489966,-7.572889057,0.61,-0.080613308,-0.13205,1
289.116142,0.658266,44.111548,-1.704572,-17.25030866,-10.12002348,0.587,-0.057969977,-0.098814,1
-132.547959,0.746279,65.556642,-1.564813,-18.06255122,-11.54294553,0.639,-0.055363165,-0.086633,0
171.686312,0.680672,-58.641418,-1.784364,14.93129158,8.367850718,0.56,0.066973443,0.119505,1
1006.649131,0.746279,2.482566,-1.564812,-18.06253968,-11.54294553,0.639,-0.0553632,-0.086633,0
217.817036,0.696091,-80.842425,-1.626686,10.1847381,6.261035074,0.615,0.098186128,0.159718,1
582.186658,0.746095,-59.668828,-1.609769,7.71516415,4.792715073,0.621,0.12961487,0.20865,1
1016.038118,0.746279,1.962725,-1.564812,-18.06274818,-11.54307877,0.639,-0.055362561,-0.086632,0
-236.615288,0.749372,14.608233,-1.593054,-90.00305085,-56.49717514,0.628,-0.011110734,-0.0177,1
-212.35433,0.746279,69.975285,-1.56485,-18.05985135,-11.54094728,0.639,-0.055371441,-0.086648,0
300.684139,0.754196,88.650546,-1.605881,-8.438725374,-5.25488836,0.623,-0.118501309,-0.190299,1
-138.768594,0.746084,-2.166245,-1.594317,463.5990113,290.7822041,0.627,0.002157037,0.003439,1
800.284404,0.746084,-0.140495,-1.594317,463.5990113,290.7822041,0.627,0.002157037,0.003439,1
37.777646,0.745381,70.929169,-1.774641,-14.28926518,-8.051918772,0.563,-0.069982605,-0.124194,1
441.745098,0.746279,33.759676,-1.56485,-18.05985135,-11.54094728,0.639,-0.055371441,-0.086648,0
-66.82505,0.746279,61.917753,-1.564813,-18.06255122,-11.54294553,0.639,-0.055363165,-0.086633,0
912.55749,0.744162,-8.008131,-1.708548,15.67719736,9.175743006,0.585,0.063786911,0.108983,1
1045.561076,0.748389,-15.002089,0.985693,2.335853966,-2.369758095,-1.01,0.428108955,-0.421984,1
1044.963296,0.746778,14.075668,0.990639,-2.731727158,2.757540494,-1.01,-0.36606877,0.362642,1
1030.121618,0.746279,1.182956,-1.56485,-18.05985135,-11.54094728,0.639,-0.055371441,-0.086648,0
1062.354045,0.745397,4.286516,-1.024482,0.933094705,0.910796583,0.976,1.071702577,1.09794,1
779.096265,0.746216,-0.363161,-1.606589,357.7352483,222.6675573,0.622,0.002795363,0.004491,1
663.951124,0.746279,21.456765,-1.56485,-18.05964293,-11.54081409,0.639,-0.05537208,-0.086649,0
83.398742,0.746279,53.600293,-1.564812,-18.06274818,-11.54307877,0.639,-0.055362561,-0.086632,0
1048.549694,0.743839,0.390879,-1.109241,1.323299202,1.192977182,0.902,0.755686997,0.838239,1
1000.909838,0.745906,2.046364,-1.728945,-24.9562638,-14.43438849,0.578,-0.040070101,-0.069279,1
888.509908,0.744838,12.997507,-1.638067,-12.40489966,-7.572889057,0.61,-0.080613308,-0.13205,1
975.352508,0.746279,4.215371,-1.564812,-18.06274818,-11.54307877,0.639,-0.055362561,-0.086632,0
803.221079,0.746279,13.745794,-1.564812,-18.06253968,-11.54294553,0.639,-0.0553632,-0.086633,0
249.270846,0.746279,44.41643,-1.564813,-18.06275972,-11.54307877,0.639,-0.055362526,-0.086632,0
-243.650953,0.746279,71.70809,-1.564851,-18.05986289,-11.54094728,0.639,-0.055371406,-0.086648,0
512.162482,0.746279,29.860874,-1.564812,-18.06274818,-11.54307877,0.639,-0.055362561,-0.086632,0
1025.115076,0.745906,1.076464,-1.728946,-24.95663847,-14.43459684,0.578,-0.040069499,-0.069278,1
32.655364,0.744162,-64.134803,-1.708547,15.67704434,9.175658812,0.585,0.063787534,0.108984,1
1060.220954,0.746143,41.912505,1.165833,-1.272832381,1.091779338,-0.858,-0.785649403,0.915936,1
575.485639,0.746084,-0.625436,-1.594318,463.4645349,290.6976744,0.627,0.002157662,0.00344,1
-420.109807,0.744162,-93.015518,-1.708548,15.67719736,9.175743006,0.585,0.063786911,0.108983,1
537.199781,0.746279,28.474631,-1.564812,-18.06274818,-11.54307877,0.639,-0.055362561,-0.086632,0
895.546137,0.746279,8.634014,-1.56485,-18.05985135,-11.54094728,0.639,-0.055371441,-0.086648,0
960.590706,0.745381,6.348397,-1.774641,-14.28926518,-8.051918772,0.563,-0.069982605,-0.124194,1
1063.135963,0.744028,39.069364,0.824551,-0.6604931,0.801033654,-1.21,-1.514020358,1.248387,1
574.755729,0.746279,26.395266,-1.564812,-18.06274818,-11.54307877,0.639,-0.055362561,-0.086632,0
907.707037,0.754196,16.717402,-1.605881,-8.43868103,-5.254860746,0.623,-0.118501931,-0.1903,1
-390.745083,0.746279,79.85227,-1.56485,-18.05985135,-11.54094728,0.639,-0.055371441,-0.086648,0
-87.167837,0.746279,63.044068,-1.56485,-18.05985135,-11.54094728,0.639,-0.055371441,-0.086648,0
260.224683,0.746279,43.809941,-1.56485,-18.05985135,-11.54094728,0.639,-0.055371441,-0.086648,0
-249.423566,0.680672,-86.844594,-1.784364,14.93129158,8.367850718,0.56,0.066973443,0.119505,1
-444.637476,0.750461,-45.848737,-1.705343,32.17021317,18.86436521,0.586,0.031084656,0.05301,1
829.823228,0.746279,12.272903,-1.56485,-18.05985135,-11.54094728,0.639,-0.055371441,-0.086648,0
124.084352,0.746279,51.347647,-1.564812,-18.06253968,-11.54294553,0.639,-0.0553632,-0.086633,0
-190.446694,0.746279,68.762322,-1.56485,-18.05985135,-11.54094728,0.639,-0.055371441,-0.086648,0
125.649202,0.746279,51.260999,-1.56485,-18.05985135,-11.54094728,0.639,-0.055371441,-0.086648,0
586.14156,0.745381,32.553287,-1.77464,-14.28925713,-8.051918772,0.563,-0.069982644,-0.124194,1
809.480404,0.746279,13.399233,-1.564812,-18.06253968,-11.54294553,0.639,-0.0553632,-0.086633,0
-335.976011,0.746279,76.81987,-1.564813,-18.06275972,-11.54307877,0.639,-0.055362526,-0.086632,0
-23.009778,0.746279,59.491827,-1.564812,-18.06253968,-11.54294553,0.639,-0.0553632,-0.086633,0
1062.897752,0.746079,4.83563,-0.93407,0.809265131,0.866385958,1.07,1.235688974,1.15422,1
-45.623282,0.746095,-141.042228,-1.609769,7.71516415,4.792715073,0.621,0.12961487,0.20865,1
-157.585258,0.746279,66.942886,-1.564812,-18.06274818,-11.54307877,0.639,-0.055362561,-0.086632,0
737.49817,0.746279,17.384683,-1.564812,-18.06253968,-11.54294553,0.639,-0.0553632,-0.086633,0
462.087885,0.746279,32.633361,-1.564813,-18.06275972,-11.54307877,0.639,-0.055362526,-0.086632,0
299.345443,0.746279,41.643943,-1.564812,-18.06253968,-11.54294553,0.639,-0.0553632,-0.086633,0
778.183781,0.746279,15.132038,-1.564812,-18.06274818,-11.54307877,0.639,-0.055362561,-0.086632,0
803.324792,0.754196,29.086858,-1.60588,-8.438720119,-5.25488836,0.623,-0.118501382,-0.190299,1
701.507072,0.746279,19.3774,-1.56485,-18.05985135,-11.54094728,0.639,-0.055371441,-0.086648,0
96.227599,0.749374,-41.20297,-1.564314,22.79709701,14.57322316,0.639,0.043865234,0.068619,1
826.197411,0.696091,-21.107756,-1.626685,10.18473184,6.261035074,0.615,0.098186188,0.159718,1
527.408106,0.750461,-15.632735,-1.705343,32.17021317,18.86436521,0.586,0.031084656,0.05301,1
-32.398765,0.746279,60.011669,-1.564812,-18.06274818,-11.54307877,0.639,-0.055362561,-0.086632,0
-52.741551,0.746279,61.137983,-1.56485,-18.05964293,-11.54081409,0.639,-0.05537208,-0.086649,0
1018.781287,0.746849,-11.047503,-0.110233,0.067627566,0.613496556,9.07,14.78686963,1.630001,1
-143.501759,0.746279,66.163116,-1.56485,-18.05985135,-11.54094728,0.639,-0.055371441,-0.086648,0
-356.318798,0.746279,77.946185,-1.56485,-18.05985135,-11.54094728,0.639,-0.055371441,-0.086648,0
177.288612,0.746279,48.40188,-1.564812,-18.06274818,-11.54307877,0.639,-0.055362561,-0.086632,0
-374.329038,0.680672,-95.209942,-1.784364,14.93129158,8.367850718,0.56,0.066973443,0.119505,1
-76.590212,0.746084,-2.032112,-1.594317,463.5990113,290.7822041,0.627,0.002157037,0.003439,1
80.26908,0.746279,53.773573,-1.564813,-18.06275972,-11.54307877,0.639,-0.055362526,-0.086632,0
660.821462,0.746279,21.630046,-1.56485,-18.05985135,-11.54094728,0.639,-0.055371441,-0.086648,0
964.398709,0.746279,4.821844,-1.56485,-18.05985135,-11.54094728,0.639,-0.055371441,-0.086648,0
426.792862,0.750461,-18.760356,-1.705343,32.17021317,18.86436521,0.586,0.031084656,0.05301,1
792.959142,0.744162,-15.636999,-1.708547,15.67718819,9.175743006,0.585,0.063786949,0.108983,1
883.07772,0.749374,-6.687597,-1.564314,22.79676479,14.57301078,0.639,0.043865873,0.06862,1
1047.075959,0.744867,-0.177652,-1.714298,-23.66703482,-13.80567137,0.583,-0.042252864,-0.072434,1
110.000891,0.746279,52.127401,-1.56485,-18.05985135,-11.54094728,0.639,-0.055371441,-0.086648,0
-295.290401,0.746279,74.567225,-1.564812,-18.06274818,-11.54307877,0.639,-0.055362561,-0.086632,0
1050.907109,0.743954,3.696641,-0.789853,0.803100137,1.016771648,1.27,1.245174735,0.983505,1
171.029287,0.746279,48.748441,-1.564812,-18.06274818,-11.54307877,0.639,-0.055362561,-0.086632,0
148.489582,0.680672,-60.194983,-1.784364,14.93129158,8.367850718,0.56,0.066973443,0.119505,1
-289.031076,0.746279,74.220664,-1.564813,-18.06275972,-11.54307877,0.639,-0.055362526,-0.086632,0
-501.018874,0.680672,-103.694796,-1.784364,14.93129158,8.367850718,0.56,0.066973443,0.119505,1
183.547937,0.746279,48.055319,-1.564813,-18.06275972,-11.54307877,0.639,-0.055362526,-0.086632,0
750.01682,0.746279,16.691562,-1.564813,-18.06275972,-11.54307877,0.639,-0.055362526,-0.086632,0
983.176683,0.746279,3.782162,-1.56485,-18.05985135,-11.54094728,0.639,-0.055371441,-0.086648,0
673.943496,0.746095,-47.775793,-1.609769,7.715201127,4.792738043,0.621,0.129614249,0.208649,1
-558.895465,0.750461,-49.400442,-1.705344,32.16962517,18.86400936,0.586,0.031085224,0.053011,1
-292.160739,0.746279,74.393944,-1.564812,-18.06274818,-11.54307877,0.639,-0.055362561,-0.086632,0
94.426628,0.746095,-122.889701,-1.609769,7.715201127,4.792738043,0.621,0.129614249,0.208649,1
-8.598593,0.746095,-136.243284,-1.609769,7.71516415,4.792715073,0.621,0.12961487,0.20865,1
287.479901,0.746216,-1.737392,-1.606589,357.7352483,222.6675573,0.622,0.002795363,0.004491,1
-293.677268,0.744162,-84.950714,-1.708548,15.67705351,9.175658812,0.585,0.063787497,0.108984,1
793.907134,0.746084,-0.154252,-1.594317,463.5990113,290.7822041,0.627,0.002157037,0.003439,1
1036.748302,0.74626,9.153728,0.506029,0.508994401,-1.005860141,-1.98,1.964658152,-0.994174,1
-392.309933,0.746279,79.938918,-1.564813,-18.06275972,-11.54307877,0.639,-0.055362526,-0.086632,0
1045.622512,0.748385,-15.017177,0.985972,2.306146077,-2.338956966,-1.01,0.433623876,-0.427541,1
469.912059,0.746279,32.200152,-1.56485,-18.05985135,-11.54094728,0.639,-0.055371441,-0.086648,0
247.08958,0.745906,32.251842,-1.728945,-24.95662404,-14.43459684,0.578,-0.040069522,-0.069278,1
-51.176739,0.746279,61.051351,-1.564812,-18.06274818,-11.54307877,0.639,-0.055362561,-0.086632,0
-368.837447,0.746279,78.639307,-1.56485,-18.05985135,-11.54094728,0.639,-0.055371441,-0.086648,0
1054.723257,0.745016,43.447043,1.709224,-7.713905324,4.513103797,-0.585,-0.129636022,0.221577,1
-317.579924,0.754196,161.915784,-1.605881,-8.43868103,-5.254860746,0.623,-0.118501931,-0.1903,1
28.62967,0.746279,56.632692,-1.56485,-18.05985135,-11.54094728,0.639,-0.055371441,-0.086648,0
863.896247,0.746095,-23.155123,-1.609769,7.715201127,4.792738043,0.621,0.129614249,0.208649,1
571.626067,0.746279,26.568546,-1.564813,-18.06275972,-11.54307877,0.639,-0.055362526,-0.086632,0
1041.924851,0.746655,-1.001873,-0.970997,-2.232402818,-2.299083126,1.03,-0.447947831,-0.434956,1
893.981287,0.746279,8.720662,-1.564812,-18.06274818,-11.54307877,0.639,-0.055362561,-0.086632,0
166.334813,0.746279,49.008354,-1.56485,-18.05985135,-11.54094728,0.639,-0.055371441,-0.086648,0
1034.413163,0.696091,-0.663823,-1.626691,10.18540712,6.261427104,0.615,0.098179679,0.159708,1
378.508622,0.745381,47.083961,-1.774641,-14.28926518,-8.051918772,0.563,-0.069982605,-0.124194,1
811.228054,0.746216,-0.273342,-1.60659,357.7354709,222.6675573,0.622,0.002795362,0.004491,1
393.235313,0.746279,36.44553,-1.564812,-18.06253968,-11.54294553,0.639,-0.0553632,-0.086633,0
-267.12344,0.746279,73.007701,-1.564812,-18.06274818,-11.54307877,0.639,-0.055362561,-0.086632,0
-1.264445,0.745381,73.661432,-1.774641,-14.28926518,-8.051918772,0.563,-0.069982605,-0.124194,1
-299.984876,0.746279,74.827137,-1.56485,-18.05985135,-11.54094728,0.639,-0.055371441,-0.086648,0
1051.676796,0.746492,7.33293,0.013922,-0.012364088,0.888097101,-71.8,-80.87939951,1.126003,1
473.041722,0.746279,32.026872,-1.56485,-18.05985135,-11.54094728,0.639,-0.055371441,-0.086648,0
-245.215804,0.746279,71.794738,-1.564812,-18.06274818,-11.54307877,0.639,-0.055362561,-0.086632,0
-255.344389,0.750461,-39.964568,-1.705343,32.17021317,18.86436521,0.586,0.031084656,0.05301,1
549.71843,0.746279,27.781509,-1.564812,-18.06274818,-11.54307877,0.639,-0.055362561,-0.086632,0
-65.2602,0.746279,61.831105,-1.56485,-18.05985135,-11.54094728,0.639,-0.055371441,-0.086648,0
19.793757,0.658266,59.724103,-1.704572,-17.25048324,-10.12012589,0.587,-0.057969391,-0.098813,1
208.711967,0.744838,67.79797,-1.638068,-12.40490723,-7.572889057,0.61,-0.080613259,-0.13205,1
1051.844311,0.74851,-6.711424,-0.275058,-0.264410455,-0.96128982,3.64,-3.781998706,-1.040269,1
570.061254,0.746279,26.655178,-1.56485,-18.05985135,-11.54094728,0.639,-0.055371441,-0.086648,0
127.214015,0.746279,51.174367,-1.564813,-18.06275972,-11.54307877,0.639,-0.055362526,-0.086632,0
726.544371,0.746279,17.991157,-1.56485,-18.05985135,-11.54094728,0.639,-0.055371441,-0.086648,0
-404.297481,0.754196,172.191948,-1.605881,-8.438725374,-5.25488836,0.623,-0.118501309,-0.190299,1
956.574534,0.746279,5.255053,-1.564812,-18.06253968,-11.54294553,0.639,-0.0553632,-0.086633,0
-128.287615,0.749372,13.404618,-1.593054,-90.00305085,-56.49717514,0.628,-0.011110734,-0.0177,1
20.805495,0.746279,57.065901,-1.564812,-18.06253968,-11.54294553,0.639,-0.0553632,-0.086633,0
983.183429,0.754196,7.773334,-1.605881,-8.438725374,-5.25488836,0.623,-0.118501309,-0.190299,1
607.191197,0.746216,-0.843693,-1.60659,357.7354709,222.6675573,0.622,0.002795362,0.004491,1
335.336579,0.746279,39.65121,-1.56485,-18.05964293,-11.54081409,0.639,-0.05537208,-0.086649,0
774.919179,0.658266,15.949662,-1.704572,-17.25030866,-10.12002348,0.587,-0.057969977,-0.098814,1
297.472377,0.754196,89.031144,-1.60588,-8.438675775,-5.254860746,0.623,-0.118502005,-0.1903,1
818.869391,0.746279,12.879392,-1.564812,-18.06274818,-11.54307877,0.639,-0.055362561,-0.086632,0
-222.099741,0.744838,102.526938,-1.638067,-12.40489966,-7.572889057,0.61,-0.080613308,-0.13205,1
502.733457,0.745381,38.390395,-1.774641,-14.28926518,-8.051918772,0.563,-0.069982605,-0.124194,1
396.364976,0.746279,36.27225,-1.564813,-18.06275972,-11.54307877,0.639,-0.055362526,-0.086632,0
-404.960141,0.746216,-3.672992,-1.606589,357.7352483,222.6675573,0.622,0.002795363,0.004491,1
-118.390718,0.745381,81.858222,-1.77464,-14.28925713,-8.051918772,0.563,-0.069982644,-0.124194,1
329.077254,0.746279,39.997771,-1.56485,-18.05985135,-11.54094728,0.639,-0.055371441,-0.086648,0
468.347209,0.746279,32.2868,-1.564812,-18.06274818,-11.54307877,0.639,-0.055362561,-0.086632,0
78.704267,0.746279,53.860205,-1.56485,-18.05964293,-11.54081409,0.639,-0.05537208,-0.086649,0
16.384613,0.658266,59.92173,-1.704572,-17.25030866,-10.12002348,0.587,-0.057969977,-0.098814,1
215.968561,0.745906,33.498857,-1.728946,-24.95663847,-14.43459684,0.578,-0.040069499,-0.069278,1
-13.620791,0.746279,58.971986,-1.564812,-18.06274818,-11.54307877,0.639,-0.055362561,-0.086632,0
355.679365,0.746279,38.524896,-1.564812,-18.06274818,-11.54307877,0.639,-0.055362561,-0.086632,0
851.730865,0.746279,11.05994,-1.56485,-18.05985135,-11.54094728,0.639,-0.055371441,-0.086648,0
430.791261,0.746279,34.366165,-1.564812,-18.06253968,-11.54294553,0.639,-0.0553632,-0.086633,0
498.9584,0.746084,-0.790523,-1.594318,463.5993021,290.7822041,0.627,0.002157035,0.003439,1
1050.420888,0.742175,3.598399,-0.667942,0.665707221,0.996654232,1.5,1.502161864,1.003357,1
1068.784343,0.745908,-24.785004,-0.088577,-0.051395137,-0.580231176,11.3,-19.45709383,-1.723451,1
369.762865,0.746279,37.745126,-1.56485,-18.05985135,-11.54094728,0.639,-0.055371441,-0.086648,0
147.556839,0.746279,50.048036,-1.56485,-18.05985135,-11.54094728,0.639,-0.055371441,-0.086648,0
282.132319,0.746279,42.596978,-1.56485,-18.05985135,-11.54094728,0.639,-0.055371441,-0.086648,0
113.968243,0.746216,-2.222415,-1.606589,357.7352483,222.6675573,0.622,0.002795363,0.004491,1
390.105651,0.746279,36.618811,-1.564812,-18.06274818,-11.54307877,0.639,-0.055362561,-0.086632,0
261.789495,0.746279,43.723308,-1.564812,-18.06253968,-11.54294553,0.639,-0.0553632,-0.086633,0
401.059488,0.746279,36.012321,-1.56485,-18.05964293,-11.54081409,0.639,-0.05537208,-0.086649,0
879.897826,0.746279,9.500416,-1.56485,-18.05985135,-11.54094728,0.639,-0.055371441,-0.086648,0
861.119852,0.746279,10.540098,-1.56485,-18.05964293,-11.54081409,0.639,-0.05537208,-0.086649,0
3.592371,0.746279,58.018936,-1.56485,-18.05985135,-11.54094728,0.639,-0.055371441,-0.086648,0
1021.146447,0.744066,13.085945,-0.032703,-0.01981797,-0.605998537,30.6,-50.4592545,-1.650169,1
757.932571,0.749374,-12.17712,-1.564314,22.79709701,14.57322316,0.639,0.043865234,0.068619,1
795.396943,0.746279,14.178987,-1.564851,-18.05965447,-11.54081409,0.639,-0.055372045,-0.086649,0
933.102085,0.746279,6.554649,-1.56485,-18.05985135,-11.54094728,0.639,-0.055371441,-0.086648,0
876.768163,0.746279,9.673696,-1.56485,-18.05985135,-11.54094728,0.639,-0.055371441,-0.086648,0
967.23102,0.744162,-4.520648,-1.708548,15.67705351,9.175658812,0.585,0.063787497,0.108984,1
-332.846349,0.746279,76.64659,-1.564812,-18.06274818,-11.54307877,0.639,-0.055362561,-0.086632,0
457.39341,0.746279,32.893274,-1.56485,-18.05985135,-11.54094728,0.639,-0.055371441,-0.086648,0
-324.249016,0.745381,96.264702,-1.77464,-14.28925713,-8.051918772,0.563,-0.069982644,-0.124194,1
-393.477182,0.750461,-44.258421,-1.705343,32.17021317,18.86436521,0.586,0.031084656,0.05301,1
-256.169603,0.746279,72.401211,-1.56485,-18.05985135,-11.54094728,0.639,-0.055371441,-0.086648,0
613.876527,0.746279,24.229252,-1.56485,-18.05985135,-11.54094728,0.639,-0.055371441,-0.086648,0
415.776072,0.745381,44.475891,-1.77464,-14.28925713,-8.051918772,0.563,-0.069982644,-0.124194,1
1028.873026,0.745665,-49.490676,1.560493,-5.741940825,3.67956846,-0.641,-0.174157141,0.271771,1
494.949358,0.746279,30.813909,-1.56485,-18.05985135,-11.54094728,0.639,-0.055371441,-0.086648,0
530.844749,0.746084,-0.721737,-1.594317,463.5990113,290.7822041,0.627,0.002157037,0.003439,1
-193.576356,0.746279,68.935603,-1.56485,-18.05985135,-11.54094728,0.639,-0.055371441,-0.086648,0
-235.826817,0.746279,71.274896,-1.564812,-18.06253968,-11.54294553,0.639,-0.0553632,-0.086633,0
412.013287,0.746279,35.405848,-1.564812,-18.06274818,-11.54307877,0.639,-0.055362561,-0.086632,0
518.421807,0.746279,29.514313,-1.564812,-18.06253968,-11.54294553,0.639,-0.0553632,-0.086633,0
623.130377,0.680672,-28.406658,-1.784364,14.93129158,8.367850718,0.56,0.066973443,0.119505,1
685.858761,0.746279,20.243802,-1.56485,-18.05964293,-11.54081409,0.639,-0.05537208,-0.086649,0
523.116319,0.746279,29.254385,-1.56485,-18.05985135,-11.54094728,0.639,-0.055371441,-0.086648,0
659.256612,0.746279,21.716694,-1.564812,-18.06274818,-11.54307877,0.639,-0.055362561,-0.086632,0
484.609542,0.746084,-0.821477,-1.594317,463.5990113,290.7822041,0.627,0.002157037,0.003439,1
198.451771,0.680672,-56.848844,-1.784364,14.93129158,8.367850718,0.56,0.066973443,0.119505,1
346.32519,0.696091,-68.224674,-1.626685,10.18473184,6.261035074,0.615,0.098186188,0.159718,1
440.435607,0.750461,-18.336272,-1.705343,32.17021317,18.86436521,0.586,0.031084656,0.05301,1
705.26015,0.745906,13.893008,-1.728946,-24.95627824,-14.43438849,0.578,-0.040070077,-0.069279,1
1068.943512,0.745908,-24.584494,-0.088789,-0.051510046,-0.580139953,11.3,-19.41368863,-1.723722,1
490.254846,0.746279,31.073837,-1.564813,-18.06275972,-11.54307877,0.639,-0.055362526,-0.086632,0
-339.105674,0.746279,76.993151,-1.564812,-18.06274818,-11.54307877,0.639,-0.055362561,-0.086632,0
216.40941,0.746279,46.235867,-1.56485,-18.05985135,-11.54094728,0.639,-0.055371441,-0.086648,0
-4.231804,0.746279,58.452145,-1.564812,-18.06274818,-11.54307877,0.639,-0.055362561,-0.086632,0
923.749893,0.749374,-4.903503,-1.564314,22.79709701,14.57322316,0.639,0.043865234,0.068619,1
584.144716,0.746279,25.875424,-1.564812,-18.06253968,-11.54294553,0.639,-0.0553632,-0.086633,0
948.627858,0.750461,-2.539134,-1.705343,32.17021317,18.86436521,0.586,0.031084656,0.05301,1
181.523526,0.745381,60.869472,-1.77464,-14.28937219,-8.051983606,0.563,-0.069982081,-0.124193,1
722.077445,0.658266,19.012885,-1.704572,-17.25030866,-10.12002348,0.587,-0.057969977,-0.098814,1
-563.785881,0.745906,64.743513,-1.728945,-24.9562638,-14.43438849,0.578,-0.040070101,-0.069279,1
374.457339,0.746279,37.485213,-1.564812,-18.06274818,-11.54307877,0.639,-0.055362561,-0.086632,0
203.890761,0.746279,46.928988,-1.56485,-18.05964293,-11.54081409,0.639,-0.05537208,-0.086649,0
375.605529,0.696091,-65.349743,-1.626686,10.18467433,6.260995874,0.615,0.098186743,0.159719,1
-401.69892,0.746279,80.458759,-1.564813,-18.06275972,-11.54307877,0.639,-0.055362526,-0.086632,0
-102.921329,0.746216,-2.828693,-1.60659,357.7354709,222.6675573,0.622,0.002795362,0.004491,1
649.867625,0.746279,22.236535,-1.564812,-18.06253968,-11.54294553,0.639,-0.0553632,-0.086633,0
939.36141,0.746279,6.208088,-1.56485,-18.05985135,-11.54094728,0.639,-0.055371441,-0.086648,0
933.444381,0.658266,6.759994,-1.704572,-17.25030866,-10.12002348,0.587,-0.057969977,-0.098814,1
-151.325933,0.746279,66.596325,-1.564813,-18.06275972,-11.54307877,0.639,-0.055362526,-0.086632,0
677.478301,0.750461,-10.967808,-1.705343,32.16960631,18.86400936,0.586,0.031085242,0.053011,1
626.395176,0.746279,23.536131,-1.56485,-18.05985135,-11.54094728,0.639,-0.055371441,-0.086648,0
180.418274,0.746279,48.2286,-1.564812,-18.06274818,-11.54307877,0.639,-0.055362561,-0.086632,0
408.883625,0.746279,35.579128,-1.564812,-18.06253968,-11.54294553,0.639,-0.0553632,-0.086633,0
-422.309246,0.746095,-189.866269,-1.609769,7.715201127,4.792738043,0.621,0.129614249,0.208649,1
-278.077239,0.746279,73.614174,-1.56485,-18.05985135,-11.54094728,0.639,-0.055371441,-0.086648,0
947.884605,0.680672,-6.656752,-1.784364,14.93129158,8.367850718,0.56,0.066973443,0.119505,1
380.716664,0.746279,37.138652,-1.564812,-18.06274818,-11.54307877,0.639,-0.055362561,-0.086632,0
912.189319,0.746095,-16.89563,-1.609769,7.71516415,4.792715073,0.621,0.12961487,0.20865,1
513.727332,0.746279,29.774226,-1.56485,-18.05985135,-11.54094728,0.639,-0.055371441,-0.086648,0
920.54517,0.696091,-11.844091,-1.626686,10.1847381,6.261035074,0.615,0.098186128,0.159718,1
1048.127063,0.744139,12.588916,1.002481,-1.359974876,1.356609128,-0.998,-0.735307702,0.737132,1
-12.055941,0.746279,58.885338,-1.56485,-18.05985135,-11.54094728,0.639,-0.055371441,-0.086648,0
635.784163,0.746279,23.016289,-1.56485,-18.05985135,-11.54094728,0.639,-0.055371441,-0.086648,0
648.302813,0.746279,22.323168,-1.56485,-18.05985135,-11.54094728,0.639,-0.055371441,-0.086648,0
-260.864115,0.746279,72.66114,-1.564812,-18.06274818,-11.54307877,0.639,-0.055362561,-0.086632,0
-185.752219,0.746279,68.50241,-1.564812,-18.06274818,-11.54307877,0.639,-0.055362561,-0.086632,0
-192.011544,0.746279,68.84897,-1.564812,-18.06253968,-11.54294553,0.639,-0.0553632,-0.086633,0
-583.346529,0.745381,114.396996,-1.77464,-14.28925713,-8.051918772,0.563,-0.069982644,-0.124194,1
923.04685,0.746084,0.124332,-1.594317,463.5990113,290.7822041,0.627,0.002157037,0.003439,1
1045.509991,0.744806,43.627779,1.733951,-17.64207153,10.17449255,-0.577,-0.056682686,0.098285,1
-220.178505,0.746279,70.408494,-1.564812,-18.06253968,-11.54294553,0.639,-0.0553632,-0.086633,0
670.210449,0.746279,21.110205,-1.56485,-18.05985135,-11.54094728,0.639,-0.055371441,-0.086648,0
-118.46446,0.746279,64.776872,-1.56485,-18.05964293,-11.54081409,0.639,-0.05537208,-0.086649,0
-27.812761,0.745906,43.267142,-1.728946,-24.95627824,-14.43438849,0.578,-0.040070077,-0.069279,1
-199.835681,0.746279,69.282164,-1.56485,-18.05985135,-11.54094728,0.639,-0.055371441,-0.086648,0
560.672267,0.746279,27.17502,-1.56485,-18.05985135,-11.54094728,0.639,-0.055371441,-0.086648,0
1064.573461,0.742526,36.417805,0.428285,-0.279383053,0.652329763,-2.33,-3.579315176,1.532967,1
947.185547,0.746279,5.774895,-1.564812,-18.06274818,-11.54307877,0.639,-0.055362561,-0.086632,0
266.484008,0.746279,43.46338,-1.564851,-18.05986289,-11.54094728,0.639,-0.055371406,-0.086648,0
681.164248,0.746279,20.503731,-1.564812,-18.06274818,-11.54307877,0.639,-0.055362561,-0.086632,0
174.312553,0.744838,70.571006,-1.638068,-12.40500117,-7.572946406,0.61,-0.080612649,-0.132049,1
185.544028,0.749372,9.917675,-1.593054,-89.99796622,-56.49398339,0.628,-0.011111362,-0.017701,1
967.528371,0.746279,4.648564,-1.56485,-18.05985135,-11.54094728,0.639,-0.055371441,-0.086648,0
27.06482,0.746279,56.71934,-1.564812,-18.06253968,-11.54294553,0.639,-0.0553632,-0.086633,0
416.959047,0.658266,36.700526,-1.704572,-17.25048324,-10.12012589,0.587,-0.057969391,-0.098813,1
-205.209755,0.658266,72.767502,-1.704572,-17.25030866,-10.12002348,0.587,-0.057969977,-0.098814,1
95.917391,0.746279,52.907171,-1.564812,-18.06274818,-11.54307877,0.639,-0.055362561,-0.086632,0
800.091417,0.746279,13.919075,-1.564812,-18.06274818,-11.54307877,0.639,-0.055362561,-0.086632,0
922.808776,0.744162,-7.354228,-1.708547,15.67718819,9.175743006,0.585,0.063786949,0.108983,1
739.06302,0.746279,17.298035,-1.56485,-18.05985135,-11.54094728,0.639,-0.055371441,-0.086648,0
-40.793975,0.746095,-140.416279,-1.609769,7.71516415,4.792715073,0.621,0.12961487,0.20865,1
433.920924,0.746279,34.192885,-1.564813,-18.06275972,-11.54307877,0.639,-0.055362526,-0.086632,0
200.761098,0.746279,47.102269,-1.56485,-18.05985135,-11.54094728,0.639,-0.055371441,-0.086648,0
350.984891,0.746279,38.784808,-1.56485,-18.05985135,-11.54094728,0.639,-0.055371441,-0.086648,0
322.81793,0.746279,40.344332,-1.56485,-18.05985135,-11.54094728,0.639,-0.055371441,-0.086648,0
598.284349,0.746095,-57.582331,-1.609769,7.715201127,4.792738043,0.621,0.129614249,0.208649,1
386.975989,0.746279,36.792091,-1.564813,-18.06255122,-11.54294553,0.639,-0.055363165,-0.086633,0
-407.958245,0.746279,80.80532,-1.564812,-18.06274818,-11.54307877,0.639,-0.055362561,-0.086632,0
-602.867574,0.745381,115.763128,-1.774641,-14.28938024,-8.051983606,0.563,-0.069982041,-0.124193,1
854.920061,0.749374,-7.92274,-1.564314,22.79709701,14.57322316,0.639,0.043865234,0.068619,1
-96.556824,0.746279,63.563909,-1.56485,-18.05964293,-11.54081409,0.639,-0.05537208,-0.086649,0
-22.097878,0.754196,126.900709,-1.605881,-8.43868103,-5.254860746,0.623,-0.118501931,-0.1903,1
1019.054559,0.745659,-9.491459,-0.27195,0.174272295,0.640824767,3.68,5.738146718,1.560489,1
-298.802912,0.744162,-85.277666,-1.708548,15.67719736,9.175743006,0.585,0.063786911,0.108983,1
77.139417,0.746279,53.946854,-1.564812,-18.06274818,-11.54307877,0.639,-0.055362561,-0.086632,0
105.306378,0.746279,52.38733,-1.564812,-18.06274818,-11.54307877,0.639,-0.055362561,-0.086632,0
347.855228,0.746279,38.958089,-1.56485,-18.05985135,-11.54094728,0.639,-0.055371441,-0.086648,0
843.90669,0.746279,11.493149,-1.564812,-18.06274818,-11.54307877,0.639,-0.055362561,-0.086632,0
-22.625925,0.745906,43.059306,-1.728945,-24.9562638,-14.43438849,0.578,-0.040070101,-0.069279,1
1048.375886,0.749307,-0.932077,-1.202327,-1.499488043,-1.247154928,0.832,-0.666894281,-0.801825,1
485.560371,0.746279,31.33375,-1.56485,-18.05985135,-11.54094728,0.639,-0.055371441,-0.086648,0
1047.401286,0.746214,0.553081,-1.714372,22.21869127,12.96025091,0.583,0.045007151,0.077159,1
790.783173,0.749374,-10.73612,-1.564314,22.79709701,14.57322316,0.639,0.043865234,0.068619,1
703.071885,0.746279,19.290768,-1.564813,-18.06275972,-11.54307877,0.639,-0.055362526,-0.086632,0
1021.036959,0.743692,12.325083,-0.070292,-0.042855096,-0.609672453,14.2,-23.33444773,-1.640225,1
-120.02931,0.746279,64.863521,-1.564812,-18.06274818,-11.54307877,0.639,-0.055362561,-0.086632,0
458.958222,0.746279,32.806641,-1.564812,-18.06253968,-11.54294553,0.639,-0.0553632,-0.086633,0
1046.820602,0.744866,0.309476,-1.714223,-23.68725559,-13.81807127,0.583,-0.042216794,-0.072369,1
-320.147428,0.750461,-41.978968,-1.705343,32.16960631,18.86400936,0.586,0.031085242,0.053011,1
-273.219808,0.746216,-3.304734,-1.60659,357.7354709,222.6675573,0.622,0.002795362,0.004491,1
-351.522887,0.696091,-136.743853,-1.626686,10.1847381,6.261035074,0.615,0.098186128,0.159718,1
150.9198,0.746216,-2.119123,-1.606589,357.7352483,222.6675573,0.622,0.002795363,0.004491,1
170.875683,0.745381,61.614634,-1.77464,-14.28925713,-8.051918772,0.563,-0.069982644,-0.124194,1
1027.195734,0.658266,1.325428,-1.704513,-17.26701109,-10.13017272,0.587,-0.057913903,-0.098715,1
-10.491128,0.746279,58.798706,-1.564813,-18.06275972,-11.54307877,0.639,-0.055362526,-0.086632,0
844.090952,0.696091,-19.350854,-1.626686,10.1847381,6.261035074,0.615,0.098186128,0.159718,1
42.713131,0.746279,55.852938,-1.564812,-18.06253968,-11.54294553,0.639,-0.0553632,-0.086633,0
-344.933703,0.744162,-88.220229,-1.708548,15.67705351,9.175658812,0.585,0.063787497,0.108984,1
647.262007,0.696091,-38.676776,-1.626686,10.18467433,6.260995874,0.615,0.098186743,0.159719,1
487.125183,0.746279,31.247118,-1.564812,-18.06274818,-11.54307877,0.639,-0.055362561,-0.086632,0
1018.981851,0.745908,-24.584305,0.088785,-0.051507905,0.580141972,-11.3,-19.41449569,1.723716,1
152.251313,0.746279,49.788123,-1.564812,-18.06253968,-11.54294553,0.639,-0.0553632,-0.086633,0
791.863936,0.744838,20.788417,-1.638068,-12.40500117,-7.572946406,0.61,-0.080612649,-0.132049,1
784.53234,0.749372,3.262394,-1.593054,-90.00305085,-56.49717514,0.628,-0.011110734,-0.0177,1
652.175701,0.746216,-0.717947,-1.60659,357.8151448,222.7171492,0.622,0.002794739,0.00449,1
1035.126755,0.745381,1.136209,-1.77498,-14.4286202,-8.128891707,0.563,-0.069306696,-0.123018,1
102.484856,0.749374,-40.928494,-1.564314,22.79709701,14.57322316,0.639,0.043865234,0.068619,1
277.940303,0.746095,-99.10363,-1.609769,7.715201127,4.792738043,0.621,0.129614249,0.208649,1
460.193175,0.696091,-57.044388,-1.626686,10.18467433,6.260995874,0.615,0.098186743,0.159719,1
139.732664,0.746279,50.481245,-1.564812,-18.06274818,-11.54307877,0.639,-0.055362561,-0.086632,0
-249.910278,0.746279,72.05465,-1.56485,-18.05964293,-11.54081409,0.639,-0.05537208,-0.086649,0
451.134085,0.746279,33.239835,-1.56485,-18.05985135,-11.54094728,0.639,-0.055371441,-0.086648,0
119.389878,0.746279,51.60756,-1.56485,-18.05985135,-11.54094728,0.639,-0.055371441,-0.086648,0
70.880093,0.746279,54.293414,-1.564813,-18.06255122,-11.54294553,0.639,-0.055363165,-0.086633,0
1038.552111,0.746495,-49.897659,1.707838,24.67581743,-14.44857031,-0.586,0.040525507,-0.069211,1
366.202783,0.746216,-1.517336,-1.606589,357.7352483,222.6675573,0.622,0.002795363,0.004491,1
304.039956,0.746279,41.384015,-1.564851,-18.05986289,-11.54094728,0.639,-0.055371406,-0.086648,0
-87.999837,0.696091,-110.869477,-1.626686,10.18467433,6.260995874,0.615,0.098186743,0.159719,1
85.620347,0.744162,-60.756304,-1.708548,15.67705351,9.175658812,0.585,0.063787497,0.108984,1
1042.642469,0.746283,0.498195,-1.566377,-19.40771166,-12.39019192,0.638,-0.05152591,-0.080709,0
199.196248,0.746279,47.188917,-1.564812,-18.06274818,-11.54307877,0.639,-0.055362561,-0.086632,0
-554.647027,0.658266,93.024298,-1.704572,-17.25048324,-10.12012589,0.587,-0.057969391,-0.098813,1
221.103885,0.746279,45.975954,-1.564813,-18.06275972,-11.54307877,0.639,-0.055362526,-0.086632,0
-248.345466,0.746279,71.968018,-1.564812,-18.06274818,-11.54307877,0.639,-0.055362561,-0.086632,0
199.269931,0.745381,59.627534,-1.77464,-14.28925713,-8.051918772,0.563,-0.069982644,-0.124194,1
-234.427643,0.746084,-2.372603,-1.594317,463.5990113,290.7822041,0.627,0.002157037,0.003439,1
998.824994,0.746279,2.91576,-1.56485,-18.05985135,-11.54094728,0.639,-0.055371441,-0.086648,0
319.954707,0.754196,86.366954,-1.605881,-8.438725374,-5.25488836,0.623,-0.118501309,-0.190299,1
526.457588,0.749372,6.129829,-1.593054,-90.00305085,-56.49717514,0.628,-0.011110734,-0.0177,1
1040.946643,0.749062,-14.858677,1.360338,-3.227672311,2.372698779,-0.735,-0.309820795,0.421461,1
667.53114,0.658266,22.174921,-1.704573,-17.25031878,-10.12002348,0.587,-0.057969943,-0.098814,1
-12.952321,0.746216,-2.5772,-1.60659,357.7354709,222.6675573,0.622,0.002795362,0.004491,1
1047.386952,0.747658,-14.358621,1.023786,1.70485519,-1.665245657,-0.977,0.586560082,-0.600512,1
-382.920946,0.746279,79.419077,-1.564813,-18.06275972,-11.54307877,0.639,-0.055362526,-0.086632,0
737.165311,0.750461,-9.112439,-1.705344,32.16962517,18.86400936,0.586,0.031085224,0.053011,1
1050.041548,0.744165,2.145119,-0.729005,0.725595427,0.995322977,1.37,1.378178476,1.004699,1
-431.430694,0.746279,82.104915,-1.56485,-18.05985135,-11.54094728,0.639,-0.055371441,-0.086648,0
568.496404,0.746279,26.741826,-1.564812,-18.06253968,-11.54294553,0.639,-0.0553632,-0.086633,0
-107.510661,0.746279,64.170399,-1.564812,-18.06274818,-11.54307877,0.639,-0.055362561,-0.086632,0
275.872995,0.746279,42.943539,-1.564851,-18.05986289,-11.54094728,0.639,-0.055371406,-0.086648,0
391.670501,0.746279,36.532163,-1.56485,-18.05985135,-11.54094728,0.639,-0.055371441,-0.086648,0
16.111021,0.746279,57.325814,-1.564851,-18.05986289,-11.54094728,0.639,-0.055371406,-0.086648,0
-404.828583,0.746279,80.63204,-1.564812,-18.06274818,-11.54307877,0.639,-0.055362561,-0.086632,0
875.203313,0.746279,9.760344,-1.564812,-18.06253968,-11.54294553,0.639,-0.0553632,-0.086633,0
1058.782598,0.743166,1.663289,-1.422275,2.425765793,1.705553281,0.703,0.412240952,0.58632,1
-230.778336,0.658266,74.249707,-1.704572,-17.25030866,-10.12002348,0.587,-0.057969977,-0.098814,1
314.993755,0.746279,40.777541,-1.564812,-18.06274818,-11.54307877,0.639,-0.055362561,-0.086632,0
698.37741,0.746279,19.550681,-1.56485,-18.05985135,-11.54094728,0.639,-0.055371441,-0.086648,0
1021.561329,0.742159,9.159706,-0.325816,-0.207308375,-0.636274384,3.07,-4.8237318,-1.571649,1
341.902519,0.744162,-44.40873,-1.708548,15.67719736,9.175743006,0.585,0.063786911,0.108983,1
1046.421444,0.749163,0.259065,-1.337397,-3.657097777,-2.734489293,0.748,-0.273440871,-0.365699,1
712.348571,0.680672,-22.431409,-1.784364,14.93129158,8.367850718,0.56,0.066973443,0.119505,1
688.988423,0.746279,20.070522,-1.56485,-18.05985135,-11.54094728,0.639,-0.055371441,-0.086648,0
1063.835913,0.746483,6.838954,-0.588497,0.410563644,0.697647811,1.7,2.435675968,1.433388,1
407.318813,0.746279,35.665761,-1.56485,-18.05985135,-11.54094728,0.639,-0.055371441,-0.086648,0
-123.714639,0.745381,82.230804,-1.774641,-14.28926518,-8.051918772,0.563,-0.069982605,-0.124194,1
891.64823,0.754196,18.620395,-1.605881,-8.43868103,-5.254860746,0.623,-0.118501931,-0.1903,1
208.585235,0.746279,46.669076,-1.564812,-18.06274818,-11.54307877,0.639,-0.055362561,-0.086632,0
395.431099,0.754196,77.422886,-1.605881,-8.438725374,-5.25488836,0.623,-0.118501309,-0.190299,1
438.615436,0.746279,33.932956,-1.56485,-18.05985135,-11.54094728,0.639,-0.055371441,-0.086648,0
126.652471,0.750461,-28.090209,-1.705343,32.16960631,18.86400936,0.586,0.031085242,0.053011,1
962.092161,0.746095,-10.427488,-1.609769,7.71516415,4.792715073,0.621,0.12961487,0.20865,1
217.974222,0.746279,46.149234,-1.564812,-18.06253968,-11.54294553,0.639,-0.0553632,-0.086633,0
609.57569,0.658266,25.534585,-1.704573,-17.25031878,-10.12002348,0.587,-0.057969943,-0.098814,1
84.435854,0.746084,-1.684742,-1.594317,463.5990113,290.7822041,0.627,0.002157037,0.003439,1
1039.510824,0.74628,0.66384,-1.565001,-18.17021944,-11.61035644,0.639,-0.055035109,-0.08613,0
952.194674,0.658266,5.673044,-1.704572,-17.25030866,-10.12002348,0.587,-0.057969977,-0.098814,1
582.579904,0.746279,25.962057,-1.56485,-18.05985135,-11.54094728,0.639,-0.055371441,-0.086648,0
450.433062,0.696091,-58.002698,-1.626686,10.18467433,6.260995874,0.615,0.098186743,0.159719,1
-134.112772,0.746279,65.643275,-1.56485,-18.05985135,-11.54094728,0.639,-0.055371441,-0.086648,0
116.260215,0.746279,51.78084,-1.56485,-18.05964293,-11.54081409,0.639,-0.05537208,-0.086649,0
1051.443595,0.746623,4.932763,-0.388207,0.396731166,1.021957785,2.58,2.520598547,0.978514,1
349.420041,0.746279,38.871456,-1.564813,-18.06255122,-11.54294553,0.639,-0.055363165,-0.086633,0
-271.817915,0.746279,73.267613,-1.56485,-18.05964293,-11.54081409,0.639,-0.05537208,-0.086649,0
91.222917,0.746279,53.167084,-1.56485,-18.05985135,-11.54094728,0.639,-0.055371441,-0.086648,0
588.743587,0.744838,37.162531,-1.638067,-12.4049936,-7.572946406,0.61,-0.080612698,-0.132049,1
243.011521,0.746279,44.762991,-1.564812,-18.06274818,-11.54307877,0.639,-0.055362561,-0.086632,0
1051.466743,0.746607,4.954579,-0.390736,0.399746281,1.023059767,2.56,2.501586749,0.97746,1
555.977755,0.746279,27.434948,-1.564812,-18.06274818,-11.54307877,0.639,-0.055362561,-0.086632,0
624.830326,0.746279,23.622779,-1.564812,-18.06274818,-11.54307877,0.639,-0.055362561,-0.086632,0
-135.290926,0.749374,-51.358586,-1.564314,22.79709701,14.57322316,0.639,0.043865234,0.068619,1
-365.707785,0.746279,78.466026,-1.56485,-18.05985135,-11.54094728,0.639,-0.055371441,-0.086648,0
563.80193,0.746279,27.001739,-1.564851,-18.05986289,-11.54094728,0.639,-0.055371406,-0.086648,0
911.194449,0.746279,7.767612,-1.56485,-18.05985135,-11.54094728,0.639,-0.055371441,-0.086648,0
690.553235,0.746279,19.98389,-1.564812,-18.06274818,-11.54307877,0.639,-0.055362561,-0.086632,0
-468.693876,0.745906,60.933189,-1.728945,-24.9562638,-14.43438849,0.578,-0.040070101,-0.069279,1
796.961755,0.746279,14.092355,-1.564812,-18.06274818,-11.54307877,0.639,-0.055362561,-0.086632,0
-290.595889,0.746279,74.307296,-1.56485,-18.05985135,-11.54094728,0.639,-0.055371441,-0.086648,0
806.350742,0.746279,13.572514,-1.564812,-18.06274818,-11.54307877,0.639,-0.055362561,-0.086632,0
479.301046,0.746279,31.680311,-1.56485,-18.05985135,-11.54094728,0.639,-0.055371441,-0.086648,0
634.219313,0.746279,23.102937,-1.564812,-18.06253968,-11.54294553,0.639,-0.0553632,-0.086633,0
271.178482,0.746279,43.203467,-1.564812,-18.06274818,-11.54307877,0.639,-0.055362561,-0.086632,0
878.332976,0.746279,9.587064,-1.564813,-18.06275972,-11.54307877,0.639,-0.055362526,-0.086632,0
211.310294,0.696091,-81.481298,-1.626686,10.18467433,6.260995874,0.615,0.098186743,0.159719,1
336.901391,0.746279,39.564578,-1.564812,-18.06274818,-11.54307877,0.639,-0.055362561,-0.086632,0
-124.340725,0.749374,-50.878253,-1.564315,22.79711159,14.57322316,0.639,0.043865206,0.068619,1
343.160716,0.746279,39.218017,-1.564812,-18.06253968,-11.54294553,0.639,-0.0553632,-0.086633,0
1065.409971,0.744937,23.895946,-0.084936,0.049332235,0.580816558,11.8,20.27072148,1.721714,1
-135.677622,0.746279,65.729923,-1.564812,-18.06274818,-11.54307877,0.639,-0.055362561,-0.086632,0
1069.025142,0.74603,-26.297441,-24.891189,-0.929123645,-0.037327411,0.0402,-1.076283017,-26.789964,1
160.075488,0.746279,49.354914,-1.56485,-18.05964293,-11.54081409,0.639,-0.05537208,-0.086649,0
20.921198,0.750461,-31.376862,-1.705344,32.16962517,18.86400936,0.586,0.031085224,0.053011,1
577.357351,0.746095,-60.294777,-1.609769,7.71516415,4.792715073,0.621,0.12961487,0.20865,1
-146.631421,0.746279,66.336396,-1.56485,-18.05985135,-11.54094728,0.639,-0.055371441,-0.086648,0
84.963592,0.746279,53.513645,-1.56485,-18.05985135,-11.54094728,0.639,-0.055371441,-0.086648,0
-348.494661,0.746279,77.512992,-1.564812,-18.06274818,-11.54307877,0.639,-0.055362561,-0.086632,0
-378.226434,0.746279,79.159148,-1.56485,-18.05985135,-11.54094728,0.639,-0.055371441,-0.086648,0
347.498239,0.746084,-1.117257,-1.594318,463.5993021,290.7822041,0.627,0.002157035,0.003439,1
-412.65272,0.746279,81.065233,-1.56485,-18.05985135,-11.54094728,0.639,-0.055371441,-0.086648,0
-18.315265,0.746279,59.231899,-1.56485,-18.05985135,-11.54094728,0.639,-0.055371441,-0.086648,0
307.602674,0.745906,29.82709,-1.728945,-24.9562638,-14.43438849,0.578,-0.040070101,-0.069279,1
415.14295,0.746279,35.232567,-1.564813,-18.06255122,-11.54294553,0.639,-0.055363165,-0.086633,0
982.734721,0.750461,-1.478923,-1.705343,32.16960631,18.86400936,0.586,0.031085242,0.053011,1
473.886806,0.749372,6.713936,-1.593054,-90.00305085,-56.49717514,0.628,-0.011110734,-0.0177,1
1044.829002,0.748465,-15.232599,1.012391,3.152304622,-3.113722486,-0.988,0.317228225,-0.321159,1
138.585329,0.744162,-57.377805,-1.708548,15.67705351,9.175658812,0.585,0.063787497,0.108984,1
-101.251336,0.746279,63.823838,-1.564812,-18.06274818,-11.54307877,0.639,-0.055362561,-0.086632,0
9.851696,0.746279,57.672375,-1.56485,-18.05985135,-11.54094728,0.639,-0.055371441,-0.086648,0
102.722117,0.746216,-2.253852,-1.606589,357.7352483,222.6675573,0.622,0.002795363,0.004491,1
-163.25586,0.750461,-37.101999,-1.705343,32.16960631,18.86400936,0.586,0.031085242,0.053011,1
-306.2442,0.746279,75.173698,-1.56485,-18.05985135,-11.54094728,0.639,-0.055371441,-0.086648,0
108.436041,0.746279,52.214049,-1.564813,-18.06255122,-11.54294553,0.639,-0.055363165,-0.086633,0
280.903394,0.745381,53.914619,-1.77464,-14.28925713,-8.051918772,0.563,-0.069982644,-0.124194,1
311.864093,0.746279,40.950822,-1.564813,-18.06275972,-11.54307877,0.639,-0.055362526,-0.086632,0
668.645599,0.746279,21.196853,-1.564812,-18.06274818,-11.54307877,0.639,-0.055362561,-0.086632,0
-274.210491,0.746095,-170.670492,-1.609769,7.71516415,4.792715073,0.621,0.12961487,0.20865,1
152.991506,0.746084,-1.536852,-1.594318,463.5993021,290.7822041,0.627,0.002157035,0.003439,1
41.34506,0.745906,40.495997,-1.728945,-24.9562638,-14.43438849,0.578,-0.040070101,-0.069279,1
507.468007,0.746279,30.120787,-1.56485,-18.05985135,-11.54094728,0.639,-0.055371441,-0.086648,0
755.643515,0.746084,-0.236795,-1.594318,463.5993021,290.7822041,0.627,0.002157035,0.003439,1
1001.954657,0.746279,2.742479,-1.56485,-18.05985135,-11.54094728,0.639,-0.055371441,-0.086648,0
-160.71492,0.746279,67.116166,-1.564813,-18.06275972,-11.54307877,0.639,-0.055362526,-0.086632,0
640.478638,0.746279,22.756377,-1.564812,-18.06274818,-11.54307877,0.639,-0.055362561,-0.086632,0
1022.540871,0.745993,35.957216,0.442532,0.281693297,-0.636548988,-2.26,3.549960229,-1.570971,1
-454.280763,0.744162,-95.195194,-1.708548,15.67705351,9.175658812,0.585,0.063787497,0.108984,1
-206.095005,0.746279,69.628724,-1.56485,-18.05964293,-11.54081409,0.639,-0.05537208,-0.086649,0
160.22784,0.745381,62.359797,-1.77464,-14.28925713,-8.051918772,0.563,-0.069982644,-0.124194,1
590.404041,0.746279,25.528863,-1.564813,-18.06255122,-11.54294553,0.639,-0.055363165,-0.086633,0
354.114553,0.746279,38.611528,-1.56485,-18.05985135,-11.54094728,0.639,-0.055371441,-0.086648,0
-4.433191,0.754196,124.807417,-1.605881,-8.438725374,-5.25488836,0.623,-0.118501309,-0.190299,1
-242.086141,0.746279,71.621457,-1.564812,-18.06253968,-11.54294553,0.639,-0.0553632,-0.086633,0
-417.479939,0.746095,-189.240319,-1.609769,7.71516415,4.792715073,0.621,0.12961487,0.20865,1
848.601202,0.746279,11.23322,-1.56485,-18.05985135,-11.54094728,0.639,-0.055371441,-0.086648,0
136.603002,0.746279,50.654526,-1.564813,-18.06275972,-11.54307877,0.639,-0.055362526,-0.086632,0
-162.279733,0.746279,67.202798,-1.56485,-18.05964293,-11.54081409,0.639,-0.05537208,-0.086649,0
532.671304,0.749374,-22.05826,-1.564314,22.79709701,14.57322316,0.639,0.043865234,0.068619,1
-398.569258,0.746279,80.285479,-1.564812,-18.06274818,-11.54307877,0.639,-0.055362561,-0.086632,0
1064.576902,0.744845,13.090919,-0.146521,0.084295303,0.575312092,6.82,11.86305717,1.738187,1
106.871228,0.746279,52.300682,-1.56485,-18.05985135,-11.54094728,0.639,-0.055371441,-0.086648,0
324.382742,0.746279,40.2577,-1.564812,-18.06274818,-11.54307877,0.639,-0.055362561,-0.086632,0
263.603675,0.749372,9.050365,-1.593054,-90.00305085,-56.49717514,0.628,-0.011110734,-0.0177,1
404.18915,0.746279,35.839041,-1.56485,-18.05985135,-11.54094728,0.639,-0.055371441,-0.086648,0
1051.06156,0.74829,-4.438472,-0.525383,-0.5204079,-0.990530528,1.9,-1.921569598,-1.00956,1
632.654501,0.746279,23.18957,-1.56485,-18.05985135,-11.54094728,0.639,-0.055371441,-0.086648,0
-361.283,0.696091,-137.702163,-1.626686,10.1847381,6.261035074,0.615,0.098186128,0.159718,1
52.133932,0.680672,-66.648252,-1.784364,14.93129158,8.367850718,0.56,0.066973443,0.119505,1
437.050586,0.746279,34.019604,-1.564812,-18.06253968,-11.54294553,0.639,-0.0553632,-0.086633,0
-77.77885,0.746279,62.524227,-1.56485,-18.05985135,-11.54094728,0.639,-0.055371441,-0.086648,0
471.112592,0.746095,-74.06566,-1.609769,7.71516415,4.792715073,0.621,0.12961487,0.20865,1
498.07902,0.746279,30.640628,-1.56485,-18.05985135,-11.54094728,0.639,-0.055371441,-0.086648,0
-173.23357,0.746279,67.809288,-1.564812,-18.06274818,-11.54307877,0.639,-0.055362561,-0.086632,0
915.075263,0.746084,0.107135,-1.594318,463.5993021,290.7822041,0.627,0.002157035,0.003439,1
364.867833,0.746095,-87.836544,-1.609769,7.715201127,4.792738043,0.621,0.129614249,0.208649,1
699.942222,0.746279,19.464048,-1.564812,-18.06253968,-11.54294553,0.639,-0.0553632,-0.086633,0
1052.612987,0.74593,-49.084338,1.733115,15.0463602,-8.681685983,-0.577,0.066461256,-0.115185,1
1023.862293,0.746279,1.529516,-1.56485,-18.05985135,-11.54094728,0.639,-0.055371441,-0.086648,0
688.431417,0.746095,-45.897945,-1.609769,7.71516415,4.792715073,0.621,0.12961487,0.20865,1
1040.283362,0.748213,-0.454861,-1.025274,1.662427663,1.621447206,0.975,0.601529932,0.616733,1
-238.480414,0.744838,103.847431,-1.638067,-12.40489966,-7.572889057,0.61,-0.080613308,-0.13205,1
1022.117054,0.745239,34.519465,0.277079,0.164463855,-0.593563046,-3.61,6.080363362,-1.684741,1
454.263748,0.746279,33.066554,-1.56485,-18.05985135,-11.54094728,0.639,-0.055371441,-0.086648,0
978.48217,0.746279,4.04209,-1.564812,-18.06253968,-11.54294553,0.639,-0.0553632,-0.086633,0
-416.206267,0.746216,-3.704429,-1.606589,357.7352483,222.6675573,0.622,0.002795363,0.004491,1
60.028543,0.696091,-96.335106,-1.626686,10.18467433,6.260995874,0.615,0.098186743,0.159719,1
304.457291,0.658266,43.222226,-1.704572,-17.25048324,-10.12012589,0.587,-0.057969391,-0.098813,1
877.195304,0.754196,20.333089,-1.605881,-8.43868103,-5.254860746,0.623,-0.118501931,-0.1903,1
120.95469,0.746279,51.520928,-1.564812,-18.06274818,-11.54307877,0.639,-0.055362561,-0.086632,0
684.293911,0.746279,20.330451,-1.564813,-18.06275972,-11.54307877,0.639,-0.055362526,-0.086632,0
971.081335,0.680672,-5.103185,-1.784364,14.93116664,8.367780697,0.56,0.066974003,0.119506,1
313.428943,0.746279,40.864173,-1.56485,-18.05964293,-11.54081409,0.639,-0.05537208,-0.086649,0
1042.563096,0.744907,0.23244,-1.730328,-18.21723887,-10.52819978,0.578,-0.054893061,-0.094983,1
-32.083931,0.744838,87.209219,-1.638067,-12.4049936,-7.572946406,0.61,-0.080612698,-0.132049,1
448.004423,0.746279,33.413115,-1.56485,-18.05985135,-11.54094728,0.639,-0.055371441,-0.086648,0
-398.642343,0.746084,-2.726851,-1.594318,463.4645349,290.6976744,0.627,0.002157662,0.00344,1
909.629599,0.746279,7.85426,-1.564812,-18.06274818,-11.54307877,0.639,-0.055362561,-0.086632,0
283.697131,0.746279,42.510345,-1.564812,-18.06253968,-11.54294553,0.639,-0.0553632,-0.086633,0
-62.130538,0.746279,61.657825,-1.56485,-18.05985135,-11.54094728,0.639,-0.055371441,-0.086648,0
479.82659,0.746084,-0.831795,-1.594318,463.5993021,290.7822041,0.627,0.002157035,0.003439,1
1018.677546,0.746801,-12.677662,-0.029108,0.017520427,0.601911068,34.4,57.07623334,1.661375,1
50.962863,0.746095,-128.523244,-1.609769,7.715201127,4.792738043,0.621,0.129614249,0.208649,1
175.7238,0.746279,48.488512,-1.56485,-18.05985135,-11.54094728,0.639,-0.055371441,-0.086648,0
-393.459995,0.745381,101.10826,-1.774641,-14.28926518,-8.051918772,0.563,-0.069982605,-0.124194,1
-377.488231,0.745381,99.990516,-1.77464,-14.28925713,-8.051918772,0.563,-0.069982644,-0.124194,1
375.117456,0.749372,7.81135,-1.593054,-90.00305085,-56.49717514,0.628,-0.011110734,-0.0177,1
1069.28924,0.74688,-34.824536,-0.013796,-0.00813346,-0.589552076,72.5,-122.9488982,-1.696203,1
-230.290077,0.744838,103.187185,-1.638068,-12.40500117,-7.572946406,0.61,-0.080612649,-0.132049,1
370.935601,0.658266,39.368494,-1.704572,-17.25030866,-10.12002348,0.587,-0.057969977,-0.098814,1
823.563904,0.746279,12.619464,-1.564851,-18.05986289,-11.54094728,0.639,-0.055371406,-0.086648,0
657.12718,0.745381,27.585535,-1.77464,-14.28925713,-8.051918772,0.563,-0.069982644,-0.124194,1
-160.98209,0.745381,84.838873,-1.77464,-14.28925713,-8.051918772,0.563,-0.069982644,-0.124194,1
332.672451,0.746095,-92.009538,-1.609769,7.71516415,4.792715073,0.621,0.12961487,0.20865,1
634.475386,0.746084,-0.498182,-1.594318,463.4645349,290.6976744,0.627,0.002157662,0.00344,1
-44.917414,0.746279,60.70479,-1.564812,-18.06253968,-11.54294553,0.639,-0.0553632,-0.086633,0
429.226449,0.746279,34.452798,-1.56485,-18.05985135,-11.54094728,0.639,-0.055371441,-0.086648,0
-337.540824,0.746279,76.906502,-1.56485,-18.05964293,-11.54081409,0.639,-0.05537208,-0.086649,0
767.229981,0.746279,15.738511,-1.56485,-18.05985135,-11.54094728,0.639,-0.055371441,-0.086648,0
444.874761,0.746279,33.586395,-1.56485,-18.05964293,-11.54081409,0.639,-0.05537208,-0.086649,0
679.599436,0.746279,20.590363,-1.56485,-18.05985135,-11.54094728,0.639,-0.055371441,-0.086648,0
825.128716,0.746279,12.532831,-1.564812,-18.06253968,-11.54294553,0.639,-0.0553632,-0.086633,0
-130.813201,0.745381,82.727579,-1.774641,-14.28926518,-8.051918772,0.563,-0.069982605,-0.124194,1
22.370345,0.746279,56.979253,-1.56485,-18.05985135,-11.54094728,0.639,-0.055371441,-0.086648,0
684.489622,0.754196,43.169008,-1.605881,-8.438725374,-5.25488836,0.623,-0.118501309,-0.190299,1
-487.271054,0.750461,-47.174,-1.705343,32.16960631,18.86400936,0.586,0.031085242,0.053011,1
-480.41738,0.745381,107.193756,-1.77464,-14.28925713,-8.051918772,0.563,-0.069982644,-0.124194,1
1036.013782,0.747288,6.909556,0.276047,0.264091322,-0.956689701,-3.62,3.786568954,-1.045271,1
614.38204,0.746095,-55.495833,-1.609769,7.71516415,4.792715073,0.621,0.12961487,0.20865,1
227.363209,0.746279,45.629393,-1.564812,-18.06274818,-11.54307877,0.639,-0.055362561,-0.086632,0
751.58167,0.746279,16.604913,-1.56485,-18.05964293,-11.54081409,0.639,-0.05537208,-0.086649,0
929.896779,0.746095,-14.600483,-1.609769,7.71516415,4.792715073,0.621,0.12961487,0.20865,1
548.153618,0.746279,27.868141,-1.56485,-18.05985135,-11.54094728,0.639,-0.055371441,-0.086648,0
970.658033,0.746279,4.475283,-1.56485,-18.05964293,-11.54081409,0.639,-0.05537208,-0.086649,0
551.28328,0.746279,27.694861,-1.56485,-18.05985135,-11.54094728,0.639,-0.055371441,-0.086648,0
-389.180271,0.746279,79.765637,-1.564812,-18.06253968,-11.54294553,0.639,-0.0553632,-0.086633,0
1003.519469,0.746279,2.655847,-1.564812,-18.06274818,-11.54307877,0.639,-0.055362561,-0.086632,0
969.240394,0.658266,4.684908,-1.704572,-17.25030866,-10.12002348,0.587,-0.057969977,-0.098814,1
253.965358,0.746279,44.156502,-1.56485,-18.05985135,-11.54094728,0.639,-0.055371441,-0.086648,0
-85.603024,0.746279,62.957436,-1.564813,-18.06275972,-11.54307877,0.639,-0.055362526,-0.086632,0
1005.084319,0.746279,2.569199,-1.56485,-18.05985135,-11.54094728,0.639,-0.055371441,-0.086648,0
972.243638,0.749374,-2.776313,-1.564314,22.79709701,14.57322316,0.639,0.043865234,0.068619,1
110.537906,0.745381,65.837223,-1.77464,-14.28925713,-8.051918772,0.563,-0.069982644,-0.124194,1
-159.15007,0.746279,67.029518,-1.56485,-18.05985135,-11.54094728,0.639,-0.055371441,-0.086648,0
951.453332,0.680672,-6.417742,-1.784363,14.93128321,8.367850718,0.56,0.06697348,0.119505,1
-318.76285,0.746279,75.86682,-1.56485,-18.05985135,-11.54094728,0.639,-0.055371441,-0.086648,0
690.276498,0.746084,-0.377807,-1.594318,463.5993021,290.7822041,0.627,0.002157035,0.003439,1
321.25308,0.746279,40.43098,-1.564813,-18.06255122,-11.54294553,0.639,-0.055363165,-0.086633,0
1063.813386,0.743286,38.078141,0.613977,-0.437784187,0.713030272,-1.63,-2.284230517,1.402465,1
332.206917,0.746279,39.824491,-1.56485,-18.05985135,-11.54094728,0.639,-0.055371441,-0.086648,0
718.720196,0.746279,18.424366,-1.564812,-18.06274818,-11.54307877,0.639,-0.055362561,-0.086632,0
325.947592,0.746279,40.171052,-1.56485,-18.05985135,-11.54094728,0.639,-0.055371441,-0.086648,0
-109.075473,0.746279,64.257031,-1.56485,-18.05985135,-11.54094728,0.639,-0.055371441,-0.086648,0
-138.807284,0.746279,65.903203,-1.564812,-18.06274818,-11.54307877,0.639,-0.055362561,-0.086632,0
872.127519,0.749374,-7.167931,-1.564314,22.79709701,14.57322316,0.639,0.043865234,0.068619,1
552.848092,0.746279,27.608229,-1.564812,-18.06274818,-11.54307877,0.639,-0.055362561,-0.086632,0
-422.041707,0.746279,81.585074,-1.56485,-18.05985135,-11.54094728,0.639,-0.055371441,-0.086648,0
900.240612,0.746279,8.374101,-1.564812,-18.06274818,-11.54307877,0.639,-0.055362561,-0.086632,0
222.668735,0.746279,45.889306,-1.56485,-18.05985135,-11.54094728,0.639,-0.055371441,-0.086648,0
1021.353757,0.744494,-44.677537,0.886896,-0.752311275,0.848251965,-1.13,-1.329237024,1.178895,1
274.720765,0.746095,-99.520929,-1.60977,7.715168943,4.792715073,0.621,0.12961479,0.20865,1
420.368191,0.658266,36.502898,-1.704572,-17.25030866,-10.12002348,0.587,-0.057969977,-0.098814,1
-83.525887,0.744162,-71.545703,-1.708548,15.67705351,9.175658812,0.585,0.063787497,0.108984,1
169.33919,0.744162,-55.416096,-1.708548,15.67705351,9.175658812,0.585,0.063787497,0.108984,1
859.555002,0.746279,10.626747,-1.564813,-18.06275972,-11.54307877,0.639,-0.055362526,-0.086632,0
103.741566,0.746279,52.473962,-1.56485,-18.05985135,-11.54094728,0.639,-0.055371441,-0.086648,0
1025.800854,0.745941,2.925586,-1.139247,-1.188595091,-1.043316411,0.878,-0.841329404,-0.958482,1
937.79656,0.746279,6.294736,-1.564812,-18.06274818,-11.54307877,0.639,-0.055362561,-0.086632,0
-425.845804,0.746216,-3.731374,-1.606589,357.7352483,222.6675573,0.622,0.002795363,0.004491,1
296.215781,0.746279,41.817224,-1.564812,-18.06274818,-11.54307877,0.639,-0.055362561,-0.086632,0
920.583436,0.746279,7.24777,-1.56485,-18.05985135,-11.54094728,0.639,-0.055371441,-0.086648,0
-460.896334,0.745381,105.827624,-1.774641,-14.28926518,-8.051918772,0.563,-0.069982605,-0.124194,1
56.796631,0.746279,55.073168,-1.56485,-18.05964293,-11.54081409,0.639,-0.05537208,-0.086649,0
333.435016,0.658266,41.542394,-1.704572,-17.25048324,-10.12012589,0.587,-0.057969391,-0.098813,1
-118.906862,0.696091,-113.904126,-1.626685,10.18466807,6.260995874,0.615,0.098186803,0.159719,1
447.647264,0.745906,24.215522,-1.728946,-24.95627824,-14.43438849,0.578,-0.040070077,-0.069279,1
873.638501,0.746279,9.846977,-1.56485,-18.05985135,-11.54094728,0.639,-0.055371441,-0.086648,0
-428.301031,0.746279,81.931635,-1.56485,-18.05985135,-11.54094728,0.639,-0.055371441,-0.086648,0
-431.967861,0.746095,-191.118167,-1.609769,7.71516415,4.792715073,0.621,0.12961487,0.20865,1
510.59767,0.746279,29.947506,-1.56485,-18.05964293,-11.54081409,0.639,-0.05537208,-0.086649,0
-163.844583,0.746279,67.289447,-1.564812,-18.06274818,-11.54307877,0.639,-0.055362561,-0.086632,0
562.731099,0.746084,-0.652951,-1.594317,463.5990113,290.7822041,0.627,0.002157037,0.003439,1
338.115019,0.750461,-21.516903,-1.705343,32.16960631,18.86400936,0.586,0.031085242,0.053011,1
902.418338,0.749372,1.952578,-1.593054,-90.00305085,-56.49717514,0.628,-0.011110734,-0.0177,1
887.721963,0.746279,9.067223,-1.564813,-18.06275972,-11.54307877,0.639,-0.055362526,-0.086632,0
567.026461,0.746216,-0.955967,-1.606589,357.7352483,222.6675573,0.622,0.002795363,0.004491,1
1068.871536,0.745666,-39.677569,0.271726,0.174128193,-0.640822714,-3.68,5.742895417,-1.560494,1
1043.966057,0.745908,-49.562801,1.723721,19.41367737,-11.26265641,-0.58,0.051510076,-0.088789,1
923.713098,0.746279,7.07449,-1.56485,-18.05985135,-11.54094728,0.639,-0.055371441,-0.086648,0
306.616133,0.749372,8.572459,-1.593054,-90.00305085,-56.49717514,0.628,-0.011110734,-0.0177,1
155.380976,0.746279,49.614843,-1.564813,-18.06275972,-11.54307877,0.639,-0.055362526,-0.086632,0
527.810794,0.746279,28.994472,-1.564812,-18.06274818,-11.54307877,0.639,-0.055362561,-0.086632,0
852.758316,0.744162,-11.822565,-1.708548,15.67719736,9.175743006,0.585,0.063786911,0.108983,1
-226.628715,0.746216,-3.174497,-1.606589,357.7352483,222.6675573,0.622,0.002795363,0.004491,1
1022.066369,0.745222,34.626325,0.275763,0.163623191,-0.593347154,-3.63,6.111603079,-1.685354,1
862.684664,0.746279,10.453466,-1.564812,-18.06274818,-11.54307877,0.639,-0.055362561,-0.086632,0
239.683553,0.658266,46.977144,-1.704573,-17.25049336,-10.12012589,0.587,-0.057969357,-0.098813,1
266.594239,0.746216,-1.795775,-1.60659,357.7354709,222.6675573,0.622,0.002795362,0.004491,1
158.510638,0.746279,49.441563,-1.564812,-18.06274818,-11.54307877,0.639,-0.055362561,-0.086632,0
-364.142972,0.746279,78.379394,-1.564813,-18.06275972,-11.54307877,0.639,-0.055362526,-0.086632,0
476.171384,0.746279,31.853591,-1.56485,-18.05985135,-11.54094728,0.639,-0.055371441,-0.086648,0
-309.373863,0.746279,75.346979,-1.56485,-18.05985135,-11.54094728,0.639,-0.055371441,-0.086648,0
1064.618361,0.74481,13.899225,-0.133534,0.076728244,0.574597064,7.49,13.03301032,1.74035,1
478.586344,0.744162,-35.690023,-1.708547,15.67704434,9.175658812,0.585,0.063787534,0.108984,1
-195.141206,0.746279,69.022251,-1.564812,-18.06274818,-11.54307877,0.639,-0.055362561,-0.086632,0
1036.380962,0.746279,0.836455,-1.564864,-18.06897985,-11.54667744,0.639,-0.055343468,-0.086605,0
-165.409395,0.746279,67.376079,-1.56485,-18.05985135,-11.54094728,0.639,-0.055371441,-0.086648,0
213.279748,0.746279,46.409147,-1.56485,-18.05985135,-11.54094728,0.639,-0.055371441,-0.086648,0
817.777719,0.754196,27.374164,-1.605881,-8.43868103,-5.254860746,0.623,-0.118501931,-0.1903,1
422.967124,0.746279,34.799358,-1.56485,-18.05964293,-11.54081409,0.639,-0.05537208,-0.086649,0
220.003145,0.746216,-1.926012,-1.606589,357.7352483,222.6675573,0.622,0.002795363,0.004491,1
144.427176,0.746279,50.221317,-1.56485,-18.05985135,-11.54094728,0.639,-0.055371441,-0.086648,0
346.290378,0.746279,39.044737,-1.564812,-18.06274818,-11.54307877,0.639,-0.055362561,-0.086632,0
850.166015,0.746279,11.146588,-1.564813,-18.06275972,-11.54307877,0.639,-0.055362526,-0.086632,0
-549.628359,0.745381,112.037314,-1.774641,-14.28926518,-8.051918772,0.563,-0.069982605,-0.124194,1
-73.084375,0.746279,62.264314,-1.564812,-18.06274818,-11.54307877,0.639,-0.055362561,-0.086632,0
-209.224668,0.746279,69.802005,-1.56485,-18.05985135,-11.54094728,0.639,-0.055371441,-0.086648,0
-508.811628,0.745381,109.180857,-1.77464,-14.28937219,-8.051983606,0.563,-0.069982081,-0.124193,1
887.235506,0.750461,-4.447513,-1.705343,32.17021317,18.86436521,0.586,0.031084656,0.05301,1
228.071179,0.745906,33.013907,-1.728945,-24.95662404,-14.43459684,0.578,-0.040069522,-0.069278,1
541.049638,0.680672,-33.903887,-1.784364,14.93129158,8.367850718,0.56,0.066973443,0.119505,1
-432.995544,0.746279,82.191563,1477.001099,-18.08789822,0.012246367,-0.000677,-0.055285583,81.656867,0
992.56567,0.746279,3.26232,-1.56485,-18.05964293,-11.54081409,0.639,-0.05537208,-0.086649,0
-307.279242,0.744838,109.393502,-1.638067,-12.40489966,-7.572889057,0.61,-0.080613308,-0.13205,1
-343.800148,0.746279,77.253063,-1.56485,-18.05985135,-11.54094728,0.639,-0.055371441,-0.086648,0
1025.525582,0.74528,3.053802,-1.08819,-1.047709643,-0.962800285,0.919,-0.954462915,-1.038637,1
-282.771752,0.746279,73.874103,-1.564812,-18.06274818,-11.54307877,0.639,-0.055362561,-0.086632,0
606.052352,0.746279,24.662461,-1.564812,-18.06253968,-11.54294553,0.639,-0.0553632,-0.086633,0
406.90287,0.745381,45.09686,-1.774641,-14.28926518,-8.051918772,0.563,-0.069982605,-0.124194,1
926.314148,0.749372,1.687074,-1.593054,-89.99796622,-56.49398339,0.628,-0.011111362,-0.017701,1
340.031054,0.746279,39.391298,-1.564813,-18.06275972,-11.54307877,0.639,-0.055362526,-0.086632,0
715.259157,0.658266,19.40814,-1.704572,-17.25048324,-10.12012589,0.587,-0.057969391,-0.098813,1
-373.531959,0.746279,78.899235,-1.564813,-18.06255122,-11.54294553,0.639,-0.055363165,-0.086633,0
1040.851624,0.744763,0.726486,-1.638875,-12.8849465,-7.862067881,0.61,-0.077609946,-0.127193,1
817.376517,0.749374,-9.569597,-1.564314,22.79709701,14.57322316,0.639,0.043865234,0.068619,1
933.32885,0.746216,0.06797,-1.606589,357.7352483,222.6675573,0.622,0.002795363,0.004491,1
897.11095,0.746279,8.547381,-1.564813,-18.06255122,-11.54294553,0.639,-0.055363165,-0.086633,0
1036.613053,0.748907,-3.988919,-0.558008,0.404855879,0.725537769,1.79,2.470014767,1.378288,1
735.933358,0.746279,17.471316,-1.56485,-18.05985135,-11.54094728,0.639,-0.055371441,-0.086648,0
392.321006,0.745906,26.432438,-1.728945,-24.95662404,-14.43459684,0.578,-0.040069522,-0.069278,1
-24.57459,0.746279,59.57846,-1.56485,-18.05985135,-11.54094728,0.639,-0.055371441,-0.086648,0
925.277911,0.746279,6.987858,-1.564813,-18.06275972,-11.54307877,0.639,-0.055362526,-0.086632,0
-219.091694,0.749372,14.413531,-1.593054,-90.00305085,-56.49717514,0.628,-0.011110734,-0.0177,1
643.6083,0.746279,22.583096,-1.564812,-18.06274818,-11.54307877,0.639,-0.055362561,-0.086632,0
594.767596,0.744162,-28.279123,-1.708548,15.67705351,9.175658812,0.585,0.063787497,0.108984,1
662.386274,0.746279,21.543414,-1.564812,-18.06274818,-11.54307877,0.639,-0.055362561,-0.086632,0
1038.556693,0.74901,-2.727138,-0.848156,0.75248238,0.887198086,1.18,1.328934771,1.127144,1
416.053891,0.746084,-0.969367,-1.594318,463.5993021,290.7822041,0.627,0.002157035,0.003439,1
1043.231273,0.745996,15.615867,1.137181,21.75049251,-19.12667597,-0.879,0.04597597,-0.052283,1
144.124623,0.749372,10.377881,-1.593054,-90.00305085,-56.49717514,0.628,-0.011110734,-0.0177,1
907.623419,0.746216,-0.003885,-1.606589,357.7352483,222.6675573,0.622,0.002795363,0.004491,1
554.412943,0.746279,27.52158,-1.564851,-18.05965447,-11.54081409,0.639,-0.055372045,-0.086649,0
731.662081,0.745381,22.369396,-1.77464,-14.28925713,-8.051918772,0.563,-0.069982644,-0.124194,1
604.48754,0.746279,24.749094,-1.56485,-18.05985135,-11.54094728,0.639,-0.055371441,-0.086648,0
-399.310133,0.680672,-96.883012,-1.784364,14.93129158,8.367850718,0.56,0.066973443,0.119505,1
-34.354898,0.746095,-139.58168,-1.609769,7.71516415,4.792715073,0.621,0.12961487,0.20865,1
1037.845547,0.743909,11.085391,0.804147,0.821530587,-1.021617425,-1.24,1.217240131,-0.97884,1
-154.455596,0.746279,66.769605,-1.564812,-18.06253968,-11.54294553,0.639,-0.0553632,-0.086633,0
232.057722,0.746279,45.369465,-1.56485,-18.05985135,-11.54094728,0.639,-0.055371441,-0.086648,0
94.352579,0.746279,52.993803,-1.56485,-18.05985135,-11.54094728,0.639,-0.055371441,-0.086648,0
-400.323452,0.696091,-141.535404,-1.626686,10.1847381,6.261035074,0.615,0.098186128,0.159718,1
-382.699169,0.746084,-2.692458,-1.594317,463.4642442,290.6976744,0.627,0.002157664,0.00344,1
1046.136423,0.746612,13.633589,0.982967,-2.110680229,2.147254413,-1.02,-0.47378091,0.465711,1
1014.473306,0.746279,2.049357,-1.56485,-18.05964293,-11.54081409,0.639,-0.05537208,-0.086649,0
1021.57192,0.744827,23.735101,0.097715,0.056374862,-0.576931509,-10.2,17.7384025,-1.733308,1
-381.356096,0.746279,79.332428,-1.56485,-18.05964293,-11.54081409,0.639,-0.05537208,-0.086649,0
-455.572413,0.745381,105.455043,-1.77464,-14.28925713,-8.051918772,0.563,-0.069982644,-0.124194,1
247.731833,0.750461,-24.326462,-1.705343,32.17021317,18.86436521,0.586,0.031084656,0.05301,1
696.81256,0.746279,19.637329,-1.564812,-18.06274818,-11.54307877,0.639,-0.055362561,-0.086632,0
1020.696568,0.743861,-5.11009,-0.731876,0.548340427,0.749225862,1.37,1.823684613,1.334711,1
953.444872,0.746279,5.428334,-1.564813,-18.06275972,-11.54307877,0.639,-0.055362526,-0.086632,0
817.304579,0.746279,12.966024,-1.56485,-18.05964293,-11.54081409,0.639,-0.05537208,-0.086649,0
-69.954713,0.746279,62.091034,-1.564812,-18.06274818,-11.54307877,0.639,-0.055362561,-0.086632,0
-1.102141,0.746279,58.278864,-1.564812,-18.06253968,-11.54294553,0.639,-0.0553632,-0.086633,0
1054.208143,0.746885,0.737854,-1.696015,124.4233732,73.36218913,0.59,0.008037075,0.013631,1
-192.321231,0.754196,147.072437,-1.60588,-8.438675775,-5.254860746,0.623,-0.118502005,-0.1903,1
-234.18748,0.658266,74.447334,-1.704572,-17.25030866,-10.12002348,0.587,-0.057969977,-0.098814,1
-269.82196,0.749374,-57.259823,-1.564315,22.79711159,14.57322316,0.639,0.043865206,0.068619,1
789.137618,0.746279,14.525548,-1.56485,-18.05985135,-11.54094728,0.639,-0.055371441,-0.086648,0
-196.706018,0.746279,69.108883,-1.56485,-18.05985135,-11.54094728,0.639,-0.055371441,-0.086648,0
358.809028,0.746279,38.351615,-1.564813,-18.06275972,-11.54307877,0.639,-0.055362526,-0.086632,0
751.604577,0.680672,-19.8023,-1.784364,14.93129158,8.367850718,0.56,0.066973443,0.119505,1
1016.778906,0.744162,-1.360117,-1.708547,15.67704434,9.175658812,0.585,0.063787534,0.108984,1
-432.560933,0.749372,16.78536,-1.593054,-90.00305085,-56.49717514,0.628,-0.011110734,-0.0177,1
929.972423,0.746279,6.727929,-1.56485,-18.05985135,-11.54094728,0.639,-0.055371441,-0.086648,0
-231.132304,0.746279,71.014968,-1.56485,-18.05985135,-11.54094728,0.639,-0.055371441,-0.086648,0
377.587002,0.746279,37.311933,-1.564813,-18.06275972,-11.54307877,0.639,-0.055362526,-0.086632,0
-124.723785,0.746279,65.123433,-1.56485,-18.05985135,-11.54094728,0.639,-0.055371441,-0.086648,0
-55.871213,0.746279,61.311264,-1.56485,-18.05985135,-11.54094728,0.639,-0.055371441,-0.086648,0
757.840994,0.746279,16.258353,-1.56485,-18.05985135,-11.54094728,0.639,-0.055371441,-0.086648,0
503.741352,0.746084,-0.780205,-1.594317,463.5990113,290.7822041,0.627,0.002157037,0.003439,1
-237.391629,0.746279,71.361529,-1.56485,-18.05985135,-11.54094728,0.639,-0.055371441,-0.086648,0
199.117483,0.746216,-1.984395,-1.60659,357.7354709,222.6675573,0.622,0.002795362,0.004491,1
1022.095646,0.744771,29.755088,0.127796,0.073405056,-0.574392436,-7.82,13.62303984,-1.74097,1
790.70243,0.746279,14.438916,-1.564812,-18.06274818,-11.54307877,0.639,-0.055362561,-0.086632,0
1046.779933,0.744994,-0.905161,-1.379963,2.908608236,2.107743639,0.725,0.343807044,0.474441,1
230.492872,0.746279,45.456113,-1.564813,-18.06275972,-11.54307877,0.639,-0.055362526,-0.086632,0
248.818526,0.745906,32.182563,-1.728946,-24.95627824,-14.43438849,0.578,-0.040070077,-0.069279,1
1049.525069,0.744637,-0.269051,-1.703114,-41.82808164,-24.55976619,0.587,-0.023907384,-0.040717,1
1062.42174,0.745401,4.180431,-1.02401,0.932365043,0.910503846,0.977,1.072541284,1.098293,1
901.805462,0.746279,8.287453,-1.56485,-18.05985135,-11.54094728,0.639,-0.055371441,-0.086648,0
924.753055,0.750461,-3.281281,-1.705344,32.16962517,18.86400936,0.586,0.031085224,0.053011,1
347.160373,0.746095,-90.131691,-1.609769,7.715201127,4.792738043,0.621,0.129614249,0.208649,1
-449.15512,0.744162,-94.868243,-1.708548,15.67719736,9.175743006,0.585,0.063786911,0.108983,1
714.025722,0.746279,18.684279,-1.56485,-18.05985135,-11.54094728,0.639,-0.055371441,-0.086648,0
825.718028,0.745381,15.787125,-1.774641,-14.28926518,-8.051918772,0.563,-0.069982605,-0.124194,1
991.00082,0.746279,3.348969,-1.564813,-18.06275972,-11.54307877,0.639,-0.055362526,-0.086632,0
285.261982,0.746279,42.423697,-1.564851,-18.05986289,-11.54094728,0.639,-0.055371406,-0.086648,0
-103.574969,0.746095,-148.553619,-1.609769,7.71516415,4.792715073,0.621,0.12961487,0.20865,1
621.700664,0.746279,23.796059,-1.564812,-18.06274818,-11.54307877,0.639,-0.055362561,-0.086632,0
427.548713,0.754196,73.616899,-1.605881,-8.43868103,-5.254860746,0.623,-0.118501931,-0.1903,1
409.73943,0.750461,-19.290461,-1.705343,32.16960631,18.86400936,0.586,0.031085242,0.053011,1
565.366742,0.746279,26.915107,-1.564812,-18.06274818,-11.54307877,0.639,-0.055362561,-0.086632,0
130.343677,0.746279,51.001086,-1.564812,-18.06253968,-11.54294553,0.639,-0.0553632,-0.086633,0
764.100319,0.746279,15.911792,-1.56485,-18.05985135,-11.54094728,0.639,-0.055371441,-0.086648,0
-259.299265,0.746279,72.574492,-1.56485,-18.05985135,-11.54094728,0.639,-0.055371441,-0.086648,0
-427.859955,0.680672,-98.795092,-1.784364,14.93129158,8.367850718,0.56,0.066973443,0.119505,1
-517.146442,0.658266,90.850398,-1.704572,-17.25048324,-10.12012589,0.587,-0.057969391,-0.098813,1
585.962907,0.745906,18.673233,-1.728945,-24.95662404,-14.43459684,0.578,-0.040069522,-0.069278,1
1010.337004,0.680672,-2.472979,-1.784279,14.89617719,8.348569473,0.56,0.067131317,0.119781,1
898.6758,0.746279,8.460733,-1.56485,-18.05985135,-11.54094728,0.639,-0.055371441,-0.086648,0
891.264831,0.696091,-14.719021,-1.626686,10.18467433,6.260995874,0.615,0.098186743,0.159719,1
1050.674967,0.744608,9.973897,0.642053,-0.478700696,0.745578162,-1.56,-2.088987981,1.341241,1
890.851625,0.746279,8.893942,-1.564812,-18.06253968,-11.54294553,0.639,-0.0553632,-0.086633,0
840.146663,0.746216,-0.192505,-1.606589,357.7352483,222.6675573,0.622,0.002795363,0.004491,1
-149.761083,0.746279,66.509677,-1.56485,-18.05985135,-11.54094728,0.639,-0.055371441,-0.086648,0
-296.855213,0.746279,74.653857,-1.56485,-18.05985135,-11.54094728,0.639,-0.055371441,-0.086648,0
100.611904,0.746279,52.647242,-1.56485,-18.05964293,-11.54081409,0.639,-0.05537208,-0.086649,0
1051.053861,0.744943,9.391297,0.499437,-0.361726861,0.724269249,-2,-2.764516846,1.380702,1
1039.291002,0.743693,13.550234,0.933732,1.004229946,-1.075501264,-1.07,0.995787871,-0.929799,1
367.530736,0.744162,-42.773972,-1.708548,15.67705351,9.175658812,0.585,0.063787497,0.108984,1
665.515937,0.746279,21.370133,-1.564813,-18.06275972,-11.54307877,0.639,-0.055362526,-0.086632,0
189.807261,0.746279,47.708758,-1.564812,-18.06253968,-11.54294553,0.639,-0.0553632,-0.086633,0
1048.56154,0.749126,-1.045544,-1.153845,-1.385407561,-1.200687754,0.867,-0.721809255,-0.832856,1
247.966091,0.749374,-34.546924,-1.564314,22.79709701,14.57322316,0.639,0.043865234,0.068619,1
194.501774,0.746279,47.44883,-1.56485,-18.05985135,-11.54094728,0.639,-0.055371441,-0.086648,0
-346.929811,0.746279,77.426344,-1.56485,-18.05985135,-11.54094728,0.639,-0.055371441,-0.086648,0
351.210839,0.749374,-30.018068,-1.564314,22.79709701,14.57322316,0.639,0.043865234,0.068619,1
-177.871923,0.744838,98.961607,-1.638067,-12.4049936,-7.572946406,0.61,-0.080612698,-0.132049,1
1037.314568,0.749423,-3.38381,-0.717134,0.554326183,0.772974343,1.39,1.803992001,1.293704,1
-280.008886,0.744162,-84.078844,-1.708548,15.67719736,9.175743006,0.585,0.063786911,0.108983,1
-49.611889,0.746279,60.964703,-1.56485,-18.05985135,-11.54094728,0.639,-0.055371441,-0.086648,0
1025.825875,0.743997,-48.580428,1.478938,-2.741292002,1.853554376,-0.676,-0.364791492,0.539504,1
121.499851,0.744162,-58.467644,-1.708548,15.67719736,9.175743006,0.585,0.063786911,0.108983,1
-268.688252,0.746279,73.094333,-1.56485,-18.05985135,-11.54094728,0.639,-0.055371441,-0.086648,0
1009.778794,0.746279,2.309286,-1.564813,-18.06275972,-11.54307877,0.639,-0.055362526,-0.086632,0
-310.171365,0.746216,-3.408026,-1.606589,357.7352483,222.6675573,0.622,0.002795363,0.004491,1
603.252363,0.745906,17.980446,-1.728946,-24.95627824,-14.43438849,0.578,-0.040070077,-0.069279,1
559.107417,0.746279,27.261668,-1.564812,-18.06274818,-11.54307877,0.639,-0.055362561,-0.086632,0
883.027488,0.746279,9.327135,-1.56485,-18.05964293,-11.54081409,0.639,-0.05537208,-0.086649,0
353.862354,0.744162,-43.645843,-1.708548,15.67705351,9.175658812,0.585,0.063787497,0.108984,1
-386.361433,0.745381,100.611485,-1.774641,-14.28926518,-8.051918772,0.563,-0.069982605,-0.124194,1
-510.328154,0.658266,90.455143,-1.704572,-17.25030866,-10.12002348,0.587,-0.057969977,-0.098814,1
-29.269102,0.746279,59.838388,-1.564813,-18.06275972,-11.54307877,0.639,-0.055362526,-0.086632,0
964.465678,0.696091,-7.531695,-1.626685,10.18473184,6.261035074,0.615,0.098186188,0.159718,1
63.055956,0.746279,54.726608,-1.56485,-18.05985135,-11.54094728,0.639,-0.055371441,-0.086648,0
501.208683,0.746279,30.467348,-1.56485,-18.05985135,-11.54094728,0.639,-0.055371441,-0.086648,0
-411.087907,0.746279,80.9786,-1.564813,-18.06255122,-11.54294553,0.639,-0.055363165,-0.086633,0
951.907552,0.749374,-3.66836,-1.564315,22.79711159,14.57322316,0.639,0.043865206,0.068619,1
-60.32113,0.658266,64.368344,-1.704572,-17.25048324,-10.12012589,0.587,-0.057969391,-0.098813,1
759.334771,0.750461,-8.423303,-1.705343,32.17021317,18.86436521,0.586,0.031084656,0.05301,1
136.437065,0.745906,36.685673,-1.728945,-24.9562638,-14.43438849,0.578,-0.040070101,-0.069279,1
-440.305108,0.746216,-3.771793,-1.60659,357.7354709,222.6675573,0.622,0.002795362,0.004491,1
864.32314,0.745906,7.519375,-1.728945,-24.9562638,-14.43438849,0.578,-0.040070101,-0.069279,1
1024.477903,0.745381,1.877896,-1.774682,-14.30583702,-8.061070671,0.563,-0.069901537,-0.124053,1
-148.962452,0.754196,141.934356,-1.605881,-8.438725374,-5.25488836,0.623,-0.118501309,-0.190299,1
30.946817,0.744162,-64.243787,-1.708548,15.67719736,9.175743006,0.585,0.063786911,0.108983,1
-147.356572,0.754196,141.744056,-1.60588,-8.438675775,-5.254860746,0.623,-0.118502005,-0.1903,1
236.086307,0.746095,-104.528523,-1.609769,7.71516415,4.792715073,0.621,0.12961487,0.20865,1
1067.010709,0.74386,-44.228719,0.743498,0.560670605,-0.754098336,-1.34,1.783578436,-1.326087,1
976.917358,0.746279,4.128723,-1.56485,-18.05985135,-11.54094728,0.639,-0.055371441,-0.086648,0
1045.675832,0.74889,0.553541,-1.247603,-5.907015392,-4.734691559,0.802,-0.169290231,-0.211207,1
757.629428,0.750461,-8.476313,-1.705343,32.16960631,18.86400936,0.586,0.031085242,0.053011,1
1056.872202,0.742215,0.517656,-1.557588,4.633458373,2.974765068,0.642,0.215821514,0.336161,1
1049.527852,0.743705,11.567194,0.894784,-0.896893493,1.002357545,-1.12,-1.114959588,0.997648,1
784.443105,0.746279,14.785477,-1.564812,-18.06274818,-11.54307877,0.639,-0.055362561,-0.086632,0
117.825028,0.746279,51.694208,-1.564813,-18.06275972,-11.54307877,0.639,-0.055362526,-0.086632,0
-210.789518,0.746279,69.888653,-1.564812,-18.06274818,-11.54307877,0.639,-0.055362561,-0.086632,0
-104.527919,0.746216,-2.833184,-1.606589,357.7352483,222.6675573,0.622,0.002795363,0.004491,1
2.315483,0.744838,84.436183,-1.638067,-12.4049936,-7.572946406,0.61,-0.080612698,-0.132049,1
25.500008,0.746279,56.805973,-1.564851,-18.05986289,-11.54094728,0.639,-0.055371406,-0.086648,0
-130.983109,0.746279,65.469994,-1.56485,-18.05985135,-11.54094728,0.639,-0.055371441,-0.086648,0
1065.080559,0.744718,18.855747,-0.100199,0.057637804,0.575233329,9.98,17.34972405,1.738425,1
277.437807,0.746279,42.856906,-1.564812,-18.06253968,-11.54294553,0.639,-0.0553632,-0.086633,0
667.370819,0.744838,30.824164,-1.638068,-12.40500117,-7.572946406,0.61,-0.080612649,-0.132049,1
740.627833,0.746279,17.211403,-1.564813,-18.06275972,-11.54307877,0.639,-0.055362526,-0.086632,0
-182.220356,0.749374,-53.417157,-1.564315,22.79711159,14.57322316,0.639,0.043865206,0.068619,1
12.143887,0.744838,83.643887,-1.638067,-12.40489966,-7.572889057,0.61,-0.080613308,-0.13205,1
-393.874746,0.746279,80.02555,-1.56485,-18.05985135,-11.54094728,0.639,-0.055371441,-0.086648,0
289.956456,0.746279,42.163785,-1.564812,-18.06274818,-11.54307877,0.639,-0.055362561,-0.086632,0
86.528404,0.746279,53.427012,-1.564812,-18.06253968,-11.54294553,0.639,-0.0553632,-0.086633,0
596.663365,0.746279,25.182303,-1.564812,-18.06274818,-11.54307877,0.639,-0.055362561,-0.086632,0
580.817639,0.745381,32.925869,-1.774641,-14.28938024,-8.051983606,0.563,-0.069982041,-0.124193,1
-74.649187,0.746279,62.350946,-1.56485,-18.05964293,-11.54081409,0.639,-0.05537208,-0.086649,0
291.521306,0.746279,42.077136,-1.56485,-18.05964293,-11.54081409,0.639,-0.05537208,-0.086649,0
-72.39613,0.746216,-2.743365,-1.606589,357.7352483,222.6675573,0.622,0.002795363,0.004491,1
185.112787,0.746279,47.968671,-1.56485,-18.05985135,-11.54094728,0.639,-0.055371441,-0.086648,0
-232.356495,0.746095,-165.245599,-1.609769,7.71516415,4.792715073,0.621,0.12961487,0.20865,1
538.764631,0.746279,28.387983,-1.56485,-18.05985135,-11.54094728,0.639,-0.055371441,-0.086648,0
-183.719978,0.750461,-37.738126,-1.705343,32.17021317,18.86436521,0.586,0.031084656,0.05301,1
167.326402,0.745381,61.863022,-1.77464,-14.28925713,-8.051918772,0.563,-0.069982644,-0.124194,1
1043.273607,0.746767,0.820732,-0.9899,-2.718721248,-2.746460499,1.01,-0.367819982,-0.364105,1
651.432475,0.746279,22.149887,-1.56485,-18.05985135,-11.54094728,0.639,-0.055371441,-0.086648,0
164.548857,0.680672,-59.119438,-1.784364,14.93129158,8.367850718,0.56,0.066973443,0.119505,1
807.915592,0.746279,13.485866,-1.56485,-18.05985135,-11.54094728,0.639,-0.055371441,-0.086648,0
-47.04186,0.749372,12.501907,-1.593054,-90.00305085,-56.49717514,0.628,-0.011110734,-0.0177,1
-76.214037,0.746279,62.437595,-1.564813,-18.06275972,-11.54307877,0.639,-0.055362526,-0.086632,0
843.330976,0.746084,-0.047633,-1.594317,463.4642442,290.6976744,0.627,0.002157664,0.00344,1
244.576371,0.746279,44.676343,-1.56485,-18.05985135,-11.54094728,0.639,-0.055371441,-0.086648,0
1068.465492,0.74593,-15.93934,-0.115215,-0.066478719,-0.576997088,8.68,-15.04240767,-1.733111,1
-235.576033,0.746095,-165.662898,-1.609769,7.71516415,4.792715073,0.621,0.12961487,0.20865,1
1019.96605,0.743997,-6.450918,-0.539691,0.36494952,0.676219393,1.85,2.740104986,1.47881,1
197.631436,0.746279,47.275549,-1.56485,-18.05985135,-11.54094728,0.639,-0.055371441,-0.086648,0
-359.44846,0.746279,78.119465,-1.56485,-18.05964293,-11.54081409,0.639,-0.05537208,-0.086649,0
884.894743,0.749372,2.14728,-1.593054,-90.00305085,-56.49717514,0.628,-0.011110734,-0.0177,1
75.6233,0.749372,11.13899,-1.593054,-89.99796622,-56.49398339,0.628,-0.011111362,-0.017701,1
191.372111,0.746279,47.62211,-1.56485,-18.05985135,-11.54094728,0.639,-0.055371441,-0.086648,0
29.424734,0.749372,11.652297,-1.593054,-90.00305085,-56.49717514,0.628,-0.011110734,-0.0177,1
122.51954,0.746279,51.43428,-1.56485,-18.05985135,-11.54094728,0.639,-0.055371441,-0.086648,0
1066.30187,0.743918,-45.244737,0.926867,0.778091932,-0.839486067,-1.08,1.285195179,-1.191205,1
64.562042,0.744838,79.418309,-1.638068,-12.40490723,-7.572889057,0.61,-0.080613259,-0.13205,1
-432.510653,0.749374,-64.396202,1476.625567,22.86662421,-0.01548573,-0.000677,0.04373186,-64.575582,1
97.482241,0.746279,52.820523,-1.56485,-18.05985135,-11.54094728,0.639,-0.055371441,-0.086648,0
89.658067,0.746279,53.253732,-1.564813,-18.06275972,-11.54307877,0.639,-0.055362526,-0.086632,0
-240.840912,0.745381,90.427594,-1.774641,-14.28926518,-8.051918772,0.563,-0.069982605,-0.124194,1
832.952891,0.746279,12.099622,-1.56485,-18.05985135,-11.54094728,0.639,-0.055371441,-0.086648,0
1056.076297,0.745697,-48.840525,1.716993,11.59558461,-6.753425675,-0.582,0.086239723,-0.148073,1
474.606534,0.746279,31.940239,-1.564812,-18.06253968,-11.54294553,0.639,-0.0553632,-0.086633,0
475.310392,0.745906,23.107064,-1.728945,-24.9562638,-14.43438849,0.578,-0.040070101,-0.069279,1
53.666969,0.746279,55.246449,-1.56485,-18.05985135,-11.54094728,0.639,-0.055371441,-0.086648,0
417.928529,0.680672,-42.149731,-1.784364,14.93129158,8.367850718,0.56,0.066973443,0.119505,1
1028.556768,0.746279,1.269604,-1.564812,-18.06274818,-11.54307877,0.639,-0.055362561,-0.086632,0
1041.076092,0.746281,0.578904,-1.565268,-18.42879344,-11.77357069,0.639,-0.054262912,-0.084936,0
38.018657,0.746279,56.112851,-1.56485,-18.05985135,-11.54094728,0.639,-0.055371441,-0.086648,0
566.931592,0.746279,26.828459,-1.56485,-18.05985135,-11.54094728,0.639,-0.055371441,-0.086648,0
735.103023,0.696091,-30.051985,-1.626685,10.18473184,6.261035074,0.615,0.098186188,0.159718,1
329.928949,0.744838,58.026321,-1.638067,-12.40489966,-7.572889057,0.61,-0.080613308,-0.13205,1
1064.427363,0.742529,36.675676,0.429224,-0.280075979,0.652517052,-2.33,-3.570459713,1.532527,1
-170.103907,0.746279,67.636007,-1.564813,-18.06255122,-11.54294553,0.639,-0.055363165,-0.086633,0
791.999858,0.745381,18.146807,-1.77464,-14.28925713,-8.051918772,0.563,-0.069982644,-0.124194,1
641.155416,0.745381,28.70328,-1.774641,-14.28938024,-8.051983606,0.563,-0.069982041,-0.124193,1
743.757495,0.746279,17.038122,-1.564812,-18.06253968,-11.54294553,0.639,-0.0553632,-0.086633,0
-317.198037,0.746279,75.780188,-1.564813,-18.06275972,-11.54307877,0.639,-0.055362526,-0.086632,0
-416.590307,0.696091,-143.132587,-1.626686,10.18467433,6.260995874,0.615,0.098186743,0.159719,1
-258.760503,0.746216,-3.264316,-1.60659,357.7354709,222.6675573,0.622,0.002795362,0.004491,1
602.92269,0.746279,24.835742,-1.564812,-18.06274818,-11.54307877,0.639,-0.055362561,-0.086632,0
801.656267,0.746279,13.832427,-1.56485,-18.05985135,-11.54094728,0.639,-0.055371441,-0.086648,0
1051.435425,0.745999,5.032039,-0.527184,0.528081739,1.001702895,1.9,1.893646241,0.9983,1
1046.357658,0.746462,13.610106,0.989483,-2.03426129,2.055883012,-1.01,-0.491578936,0.486409,1
225.798397,0.746279,45.716025,-1.56485,-18.05964293,-11.54081409,0.639,-0.05537208,-0.086649,0
519.986657,0.746279,29.427665,-1.56485,-18.05985135,-11.54094728,0.639,-0.055371441,-0.086648,0
-217.048843,0.746279,70.235214,-1.564812,-18.06274818,-11.54307877,0.639,-0.055362561,-0.086632,0
99.047054,0.746279,52.733891,-1.564813,-18.06275972,-11.54307877,0.639,-0.055362526,-0.086632,0
-236.585615,0.750461,-39.381452,-1.705343,32.16960631,18.86400936,0.586,0.031085242,0.053011,1
1051.048489,0.748291,-4.44967,-0.524631,-0.519756207,-0.990708148,1.91,-1.923978949,-1.009379,1
-52.017999,0.745906,44.237043,-1.728946,-24.95663847,-14.43459684,0.578,-0.040069499,-0.069278,1
1050.473648,0.744245,10.572717,0.749562,-0.596143798,0.795322865,-1.33,-1.677447629,1.257351,1
156.945826,0.746279,49.528195,-1.56485,-18.05985135,-11.54094728,0.639,-0.055371441,-0.086648,0
421.402274,0.746279,34.886007,-1.564812,-18.06274818,-11.54307877,0.639,-0.055362561,-0.086632,0
-437.816103,0.750461,-45.636695,-1.705344,32.17023203,18.86436521,0.586,0.031084637,0.05301,1
955.821102,0.746216,0.130843,-1.606589,357.7352483,222.6675573,0.622,0.002795363,0.004491,1
786.007956,0.746279,14.698829,-1.564851,-18.05986289,-11.54094728,0.639,-0.055371406,-0.086648,0
-354.753985,0.746279,77.859553,-1.564813,-18.06275972,-11.54307877,0.639,-0.055362526,-0.086632,0
449.569235,0.746279,33.326483,-1.564812,-18.06274818,-11.54307877,0.639,-0.055362561,-0.086632,0
1017.111582,0.746084,0.327251,-1.594318,463.4645349,290.6976744,0.627,0.002157662,0.00344,1
209.917774,0.745381,58.882371,-1.77464,-14.28925713,-8.051918772,0.563,-0.069982644,-0.124194,1
-214.80356,0.754196,149.736628,-1.605881,-8.438725374,-5.25488836,0.623,-0.118501309,-0.190299,1
1050.523858,0.74818,-3.440291,-0.660002,-0.644404826,-0.976367989,1.52,-1.55181954,-1.024204,1
1038.783624,0.745956,0.115694,-1.732367,17.56911047,10.14167926,0.577,0.056918078,0.098603,1
515.292144,0.746279,29.687594,-1.564812,-18.06274818,-11.54307877,0.639,-0.055362561,-0.086632,0
587.274378,0.746279,25.702144,-1.564812,-18.06274818,-11.54307877,0.639,-0.055362561,-0.086632,0
847.036352,0.746279,11.319868,-1.564812,-18.06253968,-11.54294553,0.639,-0.0553632,-0.086633,0
-213.375521,0.744162,-79.828474,-1.708548,15.67705351,9.175658812,0.585,0.063787497,0.108984,1
80.678485,0.754196,114.721553,-1.60588,-8.438720119,-5.25488836,0.623,-0.118501382,-0.190299,1
288.391644,0.746279,42.250417,-1.56485,-18.05985135,-11.54094728,0.639,-0.055371441,-0.086648,0
300.910293,0.746279,41.557295,-1.56485,-18.05985135,-11.54094728,0.639,-0.055371441,-0.086648,0
363.50354,0.746279,38.091687,-1.56485,-18.05985135,-11.54094728,0.639,-0.055371441,-0.086648,0
1040.84792,0.744934,44.325056,1.720235,-20.7000349,12.03325993,-0.581,-0.048309097,0.083103,1
950.150247,0.746084,0.1828,-1.594317,463.5990113,290.7822041,0.627,0.002157037,0.003439,1
-200.096039,0.658266,72.471062,-1.704572,-17.25048324,-10.12012589,0.587,-0.057969391,-0.098813,1
593.533703,0.746279,25.355583,-1.564812,-18.06274818,-11.54307877,0.639,-0.055362561,-0.086632,0
405.753963,0.746279,35.752409,-1.564813,-18.06275972,-11.54307877,0.639,-0.055362526,-0.086632,0
919.018586,0.746279,7.334418,-1.564812,-18.06253968,-11.54294553,0.639,-0.0553632,-0.086633,0
-342.210488,0.680672,-93.058853,-1.784364,14.93141652,8.367920739,0.56,0.066972882,0.119504,1
-423.606557,0.746279,81.671722,-1.564812,-18.06274818,-11.54307877,0.639,-0.055362561,-0.086632,0
131.908527,0.746279,50.914438,-1.56485,-18.05985135,-11.54094728,0.639,-0.055371441,-0.086648,0
-417.347232,0.746279,81.325161,-1.564812,-18.06253968,-11.54294553,0.639,-0.0553632,-0.086633,0
413.578137,0.746279,35.3192,-1.56485,-18.05985135,-11.54094728,0.639,-0.055371441,-0.086648,0
-127.853447,0.746279,65.296714,-1.56485,-18.05985135,-11.54094728,0.639,-0.055371441,-0.086648,0
1016.470348,0.745906,1.422857,-1.728945,-24.95662404,-14.43459684,0.578,-0.040069522,-0.069278,1
940.926222,0.746279,6.121455,-1.564812,-18.06253968,-11.54294553,0.639,-0.0553632,-0.086633,0
357.244215,0.746279,38.438247,-1.56485,-18.05964293,-11.54081409,0.639,-0.05537208,-0.086649,0
-329.716687,0.746279,76.473309,-1.564812,-18.06253968,-11.54294553,0.639,-0.0553632,-0.086633,0
396.255027,0.745381,45.842023,-1.774641,-14.28926518,-8.051918772,0.563,-0.069982605,-0.124194,1
870.508839,0.746279,10.020257,-1.56485,-18.05985135,-11.54094728,0.639,-0.055371441,-0.086648,0
87.682196,0.696091,-93.619894,-1.626685,10.18473184,6.261035074,0.615,0.098186188,0.159718,1
-90.297499,0.746279,63.217349,-1.56485,-18.05985135,-11.54094728,0.639,-0.055371441,-0.086648,0
-397.004408,0.746279,80.198831,-1.56485,-18.05985135,-11.54094728,0.639,-0.055371441,-0.086648,0
496.51417,0.746279,30.727276,-1.564812,-18.06253968,-11.54294553,0.639,-0.0553632,-0.086633,0
-215.483992,0.746279,70.148566,-1.564851,-18.05986289,-11.54094728,0.639,-0.055371406,-0.086648,0
110.306428,0.749374,-40.585398,-1.564314,22.79676479,14.57301078,0.639,0.043865873,0.06862,1
995.372703,0.696091,-4.497046,-1.626686,10.1847381,6.261035074,0.615,0.098186128,0.159718,1
745.025898,0.745906,12.2996,-1.728946,-24.95663847,-14.43459684,0.578,-0.040069499,-0.069278,1
-283.900789,0.749374,-57.877394,-1.564315,22.79711159,14.57322316,0.639,0.043865206,0.068619,1
-68.389863,0.746279,62.004386,-1.56485,-18.05985135,-11.54094728,0.639,-0.055371441,-0.086648,0
-351.132308,0.680672,-93.656377,-1.784364,14.93129158,8.367850718,0.56,0.066973443,0.119505,1
-331.281499,0.746279,76.559942,-1.56485,-18.05985135,-11.54094728,0.639,-0.055371441,-0.086648,0
-119.672659,0.746095,-150.640117,-1.60977,7.71520592,4.792738043,0.621,0.129614168,0.208649,1
731.238846,0.746279,17.731244,-1.564813,-18.06275972,-11.54307877,0.639,-0.055362526,-0.086632,0
397.802028,0.750461,-19.661535,-1.705343,32.17021317,18.86436521,0.586,0.031084656,0.05301,1
-373.617934,0.749372,16.130452,-1.593054,-90.00305085,-56.49717514,0.628,-0.011110734,-0.0177,1
169.464475,0.746279,48.835073,-1.56485,-18.05985135,-11.54094728,0.639,-0.055371441,-0.086648,0
246.141183,0.746279,44.589711,-1.564812,-18.06274818,-11.54307877,0.639,-0.055362561,-0.086632,0
847.632673,0.744162,-12.149516,-1.708548,15.67705351,9.175658812,0.585,0.063787497,0.108984,1
241.446709,0.746279,44.849623,-1.56485,-18.05985135,-11.54094728,0.639,-0.055371441,-0.086648,0
-499.814895,0.745906,62.180205,-1.728946,-24.95663847,-14.43459684,0.578,-0.040069499,-0.069278,1
754.711332,0.746279,16.431633,-1.56485,-18.05985135,-11.54094728,0.639,-0.055371441,-0.086648,0
-512.851201,0.750461,-47.969158,-1.705343,32.17021317,18.86436521,0.586,0.031084656,0.05301,1
-156.020408,0.746279,66.856238,-1.56485,-18.05985135,-11.54094728,0.639,-0.055371441,-0.086648,0
125.477224,0.658266,53.597657,-1.704572,-17.25030866,-10.12002348,0.587,-0.057969977,-0.098814,1
257.095021,0.746279,43.983221,-1.564851,-18.05986289,-11.54094728,0.639,-0.055371406,-0.086648,0
-399.011012,0.744838,116.788264,-1.638068,-12.40500117,-7.572946406,0.61,-0.080612649,-0.132049,1
-287.466226,0.746279,74.134016,-1.56485,-18.05985135,-11.54094728,0.639,-0.055371441,-0.086648,0
-414.21757,0.746279,81.151881,-1.564812,-18.06274818,-11.54307877,0.639,-0.055362561,-0.086632,0
-273.323029,0.745906,53.104706,-1.728945,-24.95662404,-14.43459684,0.578,-0.040069522,-0.069278,1
427.661599,0.746279,34.539446,-1.564812,-18.06274818,-11.54307877,0.639,-0.055362561,-0.086632,0
739.445781,0.744838,25.013995,-1.638067,-12.4049936,-7.572946406,0.61,-0.080612698,-0.132049,1
-121.594122,0.746279,64.950153,-1.56485,-18.05985135,-11.54094728,0.639,-0.055371441,-0.086648,0
-426.253396,0.749374,-64.121726,-1.564314,22.79709701,14.57322316,0.639,0.043865234,0.068619,1
474.339209,0.745381,40.377496,-1.774641,-14.28926518,-8.051918772,0.563,-0.069982605,-0.124194,1
360.373878,0.746279,38.264967,-1.56485,-18.05985135,-11.54094728,0.639,-0.055371441,-0.086648,0
549.577567,0.750461,-14.943598,-1.705343,32.17021317,18.86436521,0.586,0.031084656,0.05301,1
141.297514,0.746279,50.394597,-1.56485,-18.05985135,-11.54094728,0.639,-0.055371441,-0.086648,0
1067.754207,0.743988,-42.902632,0.550386,0.374079645,-0.679667806,-1.82,2.673227517,-1.471307,1
-327.798297,0.745381,96.51309,-1.77464,-14.28925713,-8.051918772,0.563,-0.069982644,-0.124194,1
-418.912044,0.746279,81.411794,-1.56485,-18.05985135,-11.54094728,0.639,-0.055371441,-0.086648,0
-448.473851,0.745381,104.958268,-1.77464,-14.28925713,-8.051918772,0.563,-0.069982644,-0.124194,1
-259.936722,0.746084,-2.427632,-1.594318,463.5993021,290.7822041,0.627,0.002157035,0.003439,1
41.148319,0.746279,55.939571,-1.56485,-18.05985135,-11.54094728,0.639,-0.055371441,-0.086648,0
236.752196,0.746279,45.109552,-1.564812,-18.06274818,-11.54307877,0.639,-0.055362561,-0.086632,0
596.364918,0.680672,-30.199233,-1.784364,14.93129158,8.367850718,0.56,0.066973443,0.119505,1
642.043488,0.746279,22.669728,-1.56485,-18.05964293,-11.54081409,0.639,-0.05537208,-0.086649,0
516.856995,0.746279,29.600946,-1.564851,-18.05986289,-11.54094728,0.639,-0.055371406,-0.086648,0
743.986683,0.750461,-8.900397,-1.705343,32.16960631,18.86400936,0.586,0.031085242,0.053011,1
-98.869673,0.745381,80.492091,-1.77464,-14.28925713,-8.051918772,0.563,-0.069982644,-0.124194,1
205.455573,0.746279,46.842356,-1.564812,-18.06274818,-11.54307877,0.639,-0.055362561,-0.086632,0
330.025872,0.658266,41.740021,-1.704572,-17.25030866,-10.12002348,0.587,-0.057969977,-0.098814,1
8.715031,0.749372,11.8824,-1.593054,-90.00305085,-56.49717514,0.628,-0.011110734,-0.0177,1
-213.91918,0.746279,70.061933,-1.564812,-18.06253968,-11.54294553,0.639,-0.0553632,-0.086633,0
843.47181,0.754196,24.329375,-1.605881,-8.438725374,-5.25488836,0.623,-0.118501309,-0.190299,1
-395.741405,0.680672,-96.644002,-1.784364,14.93129158,8.367850718,0.56,0.066973443,0.119505,1
1030.18103,0.746718,-49.829393,1.62363,-12.45057743,7.668358818,-0.616,-0.08031756,0.130406,1
365.068352,0.746279,38.005054,-1.564812,-18.06253968,-11.54294553,0.639,-0.0553632,-0.086633,0
-145.066609,0.746279,66.249764,-1.564812,-18.06274818,-11.54307877,0.639,-0.055362561,-0.086632,0
-403.263733,0.746279,80.545391,-1.56485,-18.05964293,-11.54081409,0.639,-0.05537208,-0.086649,0
631.089651,0.746279,23.276218,-1.564812,-18.06274818,-11.54307877,0.639,-0.055362561,-0.086632,0
-204.135611,0.746084,-2.307256,-1.594317,463.5990113,290.7822041,0.627,0.002157037,0.003439,1
-202.965343,0.746279,69.455444,-1.56485,-18.05985135,-11.54094728,0.639,-0.055371441,-0.086648,0
-257.153914,0.746216,-3.259825,-1.606589,357.7352483,222.6675573,0.622,0.002795363,0.004491,1
623.265514,0.746279,23.709411,-1.56485,-18.05985135,-11.54094728,0.639,-0.055371441,-0.086648,0
-275.827026,0.754196,156.968002,-1.605881,-8.438725374,-5.25488836,0.623,-0.118501309,-0.190299,1
319.688267,0.746279,40.517613,-1.56485,-18.05985135,-11.54094728,0.639,-0.055371441,-0.086648,0
581.015054,0.746279,26.048705,-1.564813,-18.06275972,-11.54307877,0.639,-0.055362526,-0.086632,0
721.849859,0.746279,18.251085,-1.564813,-18.06255122,-11.54294553,0.639,-0.055363165,-0.086633,0
-99.686486,0.746279,63.73719,-1.56485,-18.05985135,-11.54094728,0.639,-0.055371441,-0.086648,0
-257.734453,0.746279,72.487859,-1.564812,-18.06253968,-11.54294553,0.639,-0.0553632,-0.086633,0
820.942625,0.658266,13.281694,-1.704572,-17.25030866,-10.12002348,0.587,-0.057969977,-0.098814,1
1008.213981,0.746279,2.395918,-1.56485,-18.05985135,-11.54094728,0.639,-0.055371441,-0.086648,0
940.065396,0.696091,-9.92747,-1.626686,10.18467433,6.260995874,0.615,0.098186743,0.159719,1
792.26728,0.746279,14.352268,-1.56485,-18.05985135,-11.54094728,0.639,-0.055371441,-0.086648,0
634.373383,0.745906,16.733431,-1.728946,-24.95627824,-14.43438849,0.578,-0.040070077,-0.069279,1
95.956295,0.750461,-29.044399,-1.705343,32.17021317,18.86436521,0.586,0.031084656,0.05301,1
638.913826,0.746279,22.843009,-1.56485,-18.05985135,-11.54094728,0.639,-0.055371441,-0.086648,0
-312.503525,0.746279,75.520259,-1.56485,-18.05985135,-11.54094728,0.639,-0.055371441,-0.086648,0
798.526605,0.746279,14.005707,-1.56485,-18.05985135,-11.54094728,0.639,-0.055371441,-0.086648,0
48.972456,0.746279,55.506377,-1.564812,-18.06253968,-11.54294553,0.639,-0.0553632,-0.086633,0
372.892527,0.746279,37.571845,-1.56485,-18.05985135,-11.54094728,0.639,-0.055371441,-0.086648,0
1049.545713,0.743717,11.51439,0.885131,-0.874996787,0.988550607,-1.13,-1.142861339,1.011582,1
1035.957095,0.746943,5.952987,0.100211,0.089535183,-0.893466615,-9.98,11.16879384,-1.119236,1
1060.62152,0.744277,-0.051445,-1.563377,-4.203643355,-2.688822565,0.64,-0.237888878,-0.37191,1
181.983124,0.746279,48.141951,-1.56485,-18.05964293,-11.54081409,0.639,-0.05537208,-0.086649,0
1033.516113,0.68069,-0.86563,-1.779414,13.21353571,7.425779336,0.562,0.075679971,0.134666,1
615.224144,0.746216,-0.821238,-1.60659,357.7354709,222.6675573,0.622,0.002795362,0.004491,1
39.583469,0.746279,56.026219,-1.564812,-18.06274818,-11.54307877,0.639,-0.055362561,-0.086632,0
327.512404,0.746279,40.084419,-1.564812,-18.06253968,-11.54294553,0.639,-0.0553632,-0.086633,0
771.924456,0.746279,15.478599,-1.564812,-18.06274818,-11.54307877,0.639,-0.055362561,-0.086632,0
617.006189,0.746279,24.055972,-1.56485,-18.05985135,-11.54094728,0.639,-0.055371441,-0.086648,0
379.151852,0.746279,37.225284,-1.56485,-18.05964293,-11.54081409,0.639,-0.05537208,-0.086649,0
-315.633187,0.746279,75.693539,-1.56485,-18.05964293,-11.54081409,0.639,-0.05537208,-0.086649,0
-110.640323,0.746279,64.343679,-1.564812,-18.06253968,-11.54294553,0.639,-0.0553632,-0.086633,0
591.968891,0.746279,25.442215,-1.56485,-18.05985135,-11.54094728,0.639,-0.055371441,-0.086648,0
-514.135549,0.745381,109.553438,-1.774641,-14.28926518,-8.051918772,0.563,-0.069982605,-0.124194,1
231.160692,0.658266,47.471212,-1.704572,-17.25030866,-10.12002348,0.587,-0.057969977,-0.098814,1
732.803696,0.746279,17.644596,-1.56485,-18.05985135,-11.54094728,0.639,-0.055371441,-0.086648,0
940.396744,0.745906,4.471116,-1.728945,-24.9562638,-14.43438849,0.578,-0.040070101,-0.069279,1
615.441339,0.746279,24.14262,-1.564812,-18.06274818,-11.54307877,0.639,-0.055362561,-0.086632,0
-362.578122,0.746279,78.292746,-1.56485,-18.05985135,-11.54094728,0.639,-0.055371441,-0.086648,0
972.222846,0.746279,4.388651,-1.564813,-18.06275972,-11.54307877,0.639,-0.055362526,-0.086632,0
422.731071,0.754196,74.187797,-1.605881,-8.43868103,-5.254860746,0.623,-0.118501931,-0.1903,1
-350.059473,0.746279,77.599624,-1.56485,-18.05985135,-11.54094728,0.639,-0.055371441,-0.086648,0
505.903157,0.746279,30.207435,-1.564812,-18.06274818,-11.54307877,0.639,-0.055362561,-0.086632,0
-348.393808,0.658266,81.067848,-1.704572,-17.25048324,-10.12012589,0.587,-0.057969391,-0.098813,1
665.95511,0.680672,-25.538539,-1.784364,14.93129158,8.367850718,0.56,0.066973443,0.119505,1
857.990189,0.746279,10.713379,-1.56485,-18.05985135,-11.54094728,0.639,-0.055371441,-0.086648,0
657.983865,0.744162,-24.246721,-1.708548,15.67705351,9.175658812,0.585,0.063787497,0.108984,1
-224.872979,0.746279,70.668407,-1.564851,-18.05986289,-11.54094728,0.639,-0.055371406,-0.086648,0
821.999053,0.746279,12.706112,-1.564812,-18.06274818,-11.54307877,0.639,-0.055362561,-0.086632,0
1052.508691,0.746591,0.717554,-1.698502,45.15731263,26.58655252,0.589,0.022144808,0.037613,1
-21.444928,0.746279,59.405179,-1.56485,-18.05985135,-11.54094728,0.639,-0.055371441,-0.086648,0
-48.047076,0.746279,60.878071,-1.564813,-18.06275972,-11.54307877,0.639,-0.055362526,-0.086632,0
269.61367,0.746279,43.290099,-1.56485,-18.05964293,-11.54081409,0.639,-0.05537208,-0.086649,0
1049.424498,0.743699,11.63751,0.900837,-0.91477822,1.015475852,-1.11,-1.093161138,0.98476,1
761.571895,0.754196,34.03464,-1.605881,-8.43868103,-5.254860746,0.623,-0.118501931,-0.1903,1
1051.812184,0.748923,-8.710627,0.127494,0.107285761,-0.841496551,-7.84,9.320901376,-1.188359,1
824.358691,0.749372,2.819888,-1.593054,-89.99796622,-56.49398339,0.628,-0.011111362,-0.017701,1
-326.587024,0.746279,76.300029,-1.564813,-18.06275972,-11.54307877,0.639,-0.055362526,-0.086632,0
-486.743963,0.680672,-102.738756,-1.784364,14.93129158,8.367850718,0.56,0.066973443,0.119505,1
657.6918,0.746279,21.803326,-1.56485,-18.05985135,-11.54094728,0.639,-0.055371441,-0.086648,0
701.353105,0.750461,-10.225661,-1.705343,32.17021317,18.86436521,0.586,0.031084656,0.05301,1
-105.945811,0.746279,64.083751,-1.56485,-18.05985135,-11.54094728,0.639,-0.055371441,-0.086648,0
759.405807,0.746279,16.17172,-1.564813,-18.06255122,-11.54294553,0.639,-0.055363165,-0.086633,0
-340.216106,0.749374,-60.347679,-1.564315,22.79711159,14.57322316,0.639,0.043865206,0.068619,1
250.835696,0.746279,44.329782,-1.56485,-18.05985135,-11.54094728,0.639,-0.055371441,-0.086648,0
-238.956479,0.746279,71.448177,-1.564812,-18.06274818,-11.54307877,0.639,-0.055362561,-0.086632,0
837.647365,0.746279,11.83971,-1.564812,-18.06274818,-11.54307877,0.639,-0.055362561,-0.086632,0
174.473867,0.745906,35.161544,-1.728945,-24.95662404,-14.43459684,0.578,-0.040069522,-0.069278,1
620.135852,0.746279,23.882691,-1.56485,-18.05964293,-11.54081409,0.639,-0.05537208,-0.086649,0
906.499937,0.746279,8.02754,-1.564813,-18.06275972,-11.54307877,0.639,-0.055362526,-0.086632,0
942.491072,0.746279,6.034807,-1.56485,-18.05985135,-11.54094728,0.639,-0.055371441,-0.086648,0
333.205084,0.744838,57.762223,-1.638068,-12.40500117,-7.572946406,0.61,-0.080612649,-0.132049,1
-246.780616,0.746279,71.88137,-1.56485,-18.05985135,-11.54094728,0.639,-0.055371441,-0.086648,0
186.677599,0.746279,47.882039,-1.564812,-18.06274818,-11.54307877,0.639,-0.055362561,-0.086632,0
1025.440851,0.744401,41.396477,1.169377,1.244020732,-1.063832051,-0.855,0.803845124,-0.939998,1
-324.63067,0.746216,-3.448445,-1.606589,357.7352483,222.6675573,0.622,0.002795363,0.004491,1
588.839228,0.746279,25.615496,-1.56485,-18.05985135,-11.54094728,0.639,-0.055371441,-0.086648,0
849.717957,0.750461,-5.613744,-1.705343,32.16960631,18.86400936,0.586,0.031085242,0.053011,1
-308.302719,0.749372,15.404743,-1.593054,-90.00305085,-56.49717514,0.628,-0.011110734,-0.0177,1
1051.81224,0.747126,6.770905,-0.119689,0.107275507,0.896285435,8.35,9.321792312,1.115716,1
257.351978,0.749374,-34.13521,-1.564315,22.79711159,14.57322316,0.639,0.043865206,0.068619,1
272.743332,0.746279,43.116819,-1.56485,-18.05985135,-11.54094728,0.639,-0.055371441,-0.086648,0
872.073651,0.746279,9.933625,-1.564812,-18.06274818,-11.54307877,0.639,-0.055362561,-0.086632,0
1021.047533,0.744734,17.219053,0.058017,0.033914861,-0.584567648,-17.2,29.48559905,-1.710666,1
1047.440453,0.744635,-0.44736,-1.346087,2.125811144,1.579252413,0.743,0.470408673,0.633211,1
-234.261966,0.746279,71.188248,-1.564851,-18.05986289,-11.54094728,0.639,-0.055371406,-0.086648,0
-253.03994,0.746279,72.227931,-1.564851,-18.05986289,-11.54094728,0.639,-0.055371406,-0.086648,0
416.7078,0.746279,35.145919,-1.56485,-18.05985135,-11.54094728,0.639,-0.055371441,-0.086648,0
172.594137,0.746279,48.661793,-1.56485,-18.05985135,-11.54094728,0.639,-0.055371441,-0.086648,0
988.413867,0.746084,0.265343,-1.594317,463.5990113,290.7822041,0.627,0.002157037,0.003439,1
-350.09838,0.658266,81.166661,-1.704572,-17.25030866,-10.12002348,0.587,-0.057969977,-0.098814,1
-356.762458,0.746216,-3.538264,-1.60659,357.7354709,222.6675573,0.622,0.002795362,0.004491,1
1025.82738,0.743997,-48.581211,1.479061,-2.742424804,1.854166126,-0.676,-0.364640809,0.539326,1
948.750397,0.746279,5.688246,-1.56485,-18.05964293,-11.54081409,0.639,-0.05537208,-0.086649,0
1046.796437,0.748286,-14.487474,1.011211,1.898823764,-1.877772061,-0.989,0.526641819,-0.532546,1
36.453807,0.746279,56.199499,-1.564812,-18.06274818,-11.54307877,0.639,-0.055362561,-0.086632,0
768.794794,0.746279,15.651879,-1.564813,-18.06275972,-11.54307877,0.639,-0.055362526,-0.086632,0
678.034586,0.746279,20.677011,-1.564812,-18.06253968,-11.54294553,0.639,-0.0553632,-0.086633,0
-156.577048,0.744838,97.244966,-1.638067,-12.4049936,-7.572946406,0.61,-0.080612698,-0.132049,1
765.665131,0.746279,15.825159,-1.564812,-18.06253968,-11.54294553,0.639,-0.0553632,-0.086633,0
1039.279103,0.74482,44.140695,1.712617,-25.17110775,14.69745293,-0.584,-0.039728089,0.068039,1
788.735802,0.746216,-0.336216,-1.60659,357.7354709,222.6675573,0.622,0.002795362,0.004491,1
-46.482226,0.746279,60.791423,-1.56485,-18.05985135,-11.54094728,0.639,-0.055371441,-0.086648,0
289.454329,0.680672,-50.75409,-1.784364,14.93129158,8.367850718,0.56,0.066973443,0.119505,1
1050.123937,0.746722,-2.418886,-0.877317,-0.910765784,-1.038126224,1.14,-1.097977128,-0.963274,1
1031.576894,0.745381,1.382596,-1.774809,-14.35766984,-8.089698578,0.563,-0.069649185,-0.123614,1
-376.661622,0.746279,79.072516,-1.564812,-18.06274818,-11.54307877,0.639,-0.055362561,-0.086632,0
207.846784,0.749372,9.669872,-1.593054,-89.99796622,-56.49398339,0.628,-0.011111362,-0.017701,1
410.448475,0.746279,35.49248,-1.56485,-18.05985135,-11.54094728,0.639,-0.055371441,-0.086648,0
690.84535,0.745381,25.225853,-1.774641,-14.28926518,-8.051918772,0.563,-0.069982605,-0.124194,1
-184.424192,0.744838,99.489804,-1.638068,-12.40490723,-7.572889057,0.61,-0.080613259,-0.13205,1
-384.485759,0.746279,79.505709,-1.56485,-18.05985135,-11.54094728,0.639,-0.055371441,-0.086648,0
-200.992129,0.749374,-54.240586,-1.564314,22.79709701,14.57322316,0.639,0.043865234,0.068619,1
-266.883315,0.749372,14.944537,-1.593054,-90.00305085,-56.49717514,0.628,-0.011110734,-0.0177,1
196.066586,0.746279,47.362197,-1.564812,-18.06253968,-11.54294553,0.639,-0.0553632,-0.086633,0
620.395813,0.744162,-26.644365,-1.708548,15.67705351,9.175658812,0.585,0.063787497,0.108984,1
912.759261,0.746279,7.680979,-1.564812,-18.06253968,-11.54294553,0.639,-0.0553632,-0.086633,0
41.629099,0.744838,81.267,-1.638067,-12.4049936,-7.572946406,0.61,-0.080612698,-0.132049,1
-179.492894,0.746279,68.155849,-1.564813,-18.06275972,-11.54307877,0.639,-0.055362526,-0.086632,0
687.423573,0.746279,20.15717,-1.564812,-18.06274818,-11.54307877,0.639,-0.055362561,-0.086632,0
648.253978,0.745381,28.206504,-1.774641,-14.28926518,-8.051918772,0.563,-0.069982605,-0.124194,1
-414.585518,0.746084,-2.761244,-1.594318,463.4645349,290.6976744,0.627,0.002157662,0.00344,1
471.476872,0.746279,32.11352,-1.564813,-18.06275972,-11.54307877,0.639,-0.055362526,-0.086632,0
361.93869,0.746279,38.178335,-1.564812,-18.06274818,-11.54307877,0.639,-0.055362561,-0.086632,0
1044.529105,0.748489,-15.29435,1.031971,3.530991135,-3.421599187,-0.969,0.283206602,-0.292261,1
-182.622557,0.746279,68.329129,-1.564812,-18.06274818,-11.54307877,0.639,-0.055362561,-0.086632,0
488.690033,0.746279,31.160469,-1.56485,-18.05964293,-11.54081409,0.639,-0.05537208,-0.086649,0
305.604768,0.746279,41.297382,-1.564812,-18.06253968,-11.54294553,0.639,-0.0553632,-0.086633,0
836.082553,0.746279,11.926342,-1.56485,-18.05985135,-11.54094728,0.639,-0.055371441,-0.086648,0
-82.473362,0.746279,62.784155,-1.564812,-18.06253968,-11.54294553,0.639,-0.0553632,-0.086633,0
87.624489,0.746084,-1.677864,-1.594318,463.5993021,290.7822041,0.627,0.002157035,0.003439,1
-265.55859,0.746279,72.921053,-1.56485,-18.05985135,-11.54094728,0.639,-0.055371441,-0.086648,0
590.328014,0.696091,-44.266919,-1.626685,10.18473184,6.261035074,0.615,0.098186188,0.159718,1
-62.241354,0.746084,-2.001158,-1.594318,463.5993021,290.7822041,0.627,0.002157035,0.003439,1
6.722034,0.746279,57.845655,-1.564851,-18.05986289,-11.54094728,0.639,-0.055371406,-0.086648,0
793.832092,0.746279,14.265636,-1.564812,-18.06274818,-11.54307877,0.639,-0.055362561,-0.086632,0
542.05719,0.749374,-21.646546,-1.564314,22.79709701,14.57322316,0.639,0.043865234,0.068619,1
-440.094598,0.746084,-2.816273,-1.594318,463.4645349,290.6976744,0.627,0.002157662,0.00344,1
-390.500836,0.746216,-3.632574,-1.60659,357.7354709,222.6675573,0.622,0.002795362,0.004491,1
832.255742,0.744162,-13.130371,-1.708548,15.67719736,9.175743006,0.585,0.063786911,0.108983,1
185.393517,0.749374,-37.291685,-1.564314,22.79709701,14.57322316,0.639,0.043865234,0.068619,1
1044.418816,0.74728,14.232532,1.044031,-3.757737506,3.599258553,-0.958,-0.266117577,0.277835,1
-281.206902,0.746279,73.787455,-1.56485,-18.05985135,-11.54094728,0.639,-0.055371441,-0.086648,0
-310.938713,0.746279,75.433627,-1.564812,-18.06274818,-11.54307877,0.639,-0.055362561,-0.086632,0
142.862326,0.746279,50.307965,-1.564812,-18.06274818,-11.54307877,0.639,-0.055362561,-0.086632,0
-342.235336,0.746279,77.166431,-1.564812,-18.06274818,-11.54307877,0.639,-0.055362561,-0.086632,0
674.904924,0.746279,20.850292,-1.564813,-18.06275972,-11.54307877,0.639,-0.055362526,-0.086632,0
582.191318,0.744838,37.690728,-1.638068,-12.40500117,-7.572946406,0.61,-0.080612649,-0.132049,1
-491.170168,0.745906,61.833811,-1.728945,-24.9562638,-14.43438849,0.578,-0.040070101,-0.069279,1
445.356287,0.746095,-77.404056,-1.609769,7.71516415,4.792715073,0.621,0.12961487,0.20865,1
263.354345,0.746279,43.63666,-1.56485,-18.05985135,-11.54094728,0.639,-0.055371441,-0.086648,0
-152.890746,0.746279,66.682957,-1.56485,-18.05985135,-11.54094728,0.639,-0.055371441,-0.086648,0
566.961388,0.658266,28.004926,-1.704572,-17.25030866,-10.12002348,0.587,-0.057969977,-0.098814,1
478.665968,0.749372,6.660835,-1.593054,-89.99796622,-56.49398339,0.628,-0.011111362,-0.017701,1
-148.196271,0.746279,66.423044,-1.564812,-18.06253968,-11.54294553,0.639,-0.0553632,-0.086633,0
950.315209,0.746279,5.601614,-1.564812,-18.06274818,-11.54307877,0.639,-0.055362561,-0.086632,0
-68.121412,0.744838,90.114303,-1.638067,-12.40489966,-7.572889057,0.61,-0.080613308,-0.13205,1
984.741495,0.746279,3.695529,-1.564812,-18.06253968,-11.54294553,0.639,-0.0553632,-0.086633,0
202.020498,0.680672,-56.609834,-1.784363,14.93128321,8.367850718,0.56,0.06697348,0.119505,1
1038.833186,0.746463,-49.797934,1.708547,24.31368559,-14.23062145,-0.585,0.0411291,-0.070271,1
-79.3437,0.746279,62.610875,-1.564812,-18.06274818,-11.54307877,0.639,-0.055362561,-0.086632,0
1025.427105,0.746279,1.442884,-1.564812,-18.06274818,-11.54307877,0.639,-0.055362561,-0.086632,0
473.209925,0.658266,33.439676,-1.704572,-17.25048324,-10.12012589,0.587,-0.057969391,-0.098813,1
-393.333403,0.746095,-186.110573,-1.609769,7.71516415,4.792715073,0.621,0.12961487,0.20865,1
693.682898,0.746279,19.810609,-1.564813,-18.06255122,-11.54294553,0.639,-0.055363165,-0.086633,0
935.148953,0.658266,6.661181,-1.704572,-17.25048324,-10.12012589,0.587,-0.057969391,-0.098813,1
1019.58147,0.745851,-34.961824,0.128653,-0.074357687,0.577970871,-7.77,-13.44850878,1.730191,1
-345.364998,0.746279,77.339711,-1.564813,-18.06255122,-11.54294553,0.639,-0.055363165,-0.086633,0
111.840648,0.658266,54.388166,-1.704572,-17.25030866,-10.12002348,0.587,-0.057969977,-0.098814,1
720.285046,0.746279,18.337718,-1.56485,-18.05985135,-11.54094728,0.639,-0.055371441,-0.086648,0
-387.615421,0.746279,79.678989,-1.56485,-18.05985135,-11.54094728,0.639,-0.055371441,-0.086648,0
673.340111,0.746279,20.936924,-1.56485,-18.05985135,-11.54094728,0.639,-0.055371441,-0.086648,0
48.565204,0.680672,-66.887262,-1.784364,14.93129158,8.367850718,0.56,0.066973443,0.119505,1
418.787171,0.744162,-39.504457,-1.708548,15.67705351,9.175658812,0.585,0.063787497,0.108984,1
541.894293,0.746279,28.214702,-1.56485,-18.05985135,-11.54094728,0.639,-0.055371441,-0.086648,0
-26.13944,0.746279,59.665108,-1.564812,-18.06274818,-11.54307877,0.639,-0.055362561,-0.086632,0
951.880059,0.746279,5.514966,-1.56485,-18.05985135,-11.54094728,0.639,-0.055371441,-0.086648,0
31.759332,0.746279,56.459412,-1.56485,-18.05985135,-11.54094728,0.639,-0.055371441,-0.086648,0
1065.235445,0.744146,-46.30459,1.063765,0.999518922,-0.939605009,-0.94,1.000481309,-1.064277,1
562.237079,0.746279,27.088387,-1.564812,-18.06253968,-11.54294553,0.639,-0.0553632,-0.086633,0
695.247748,0.746279,19.723961,-1.56485,-18.05985135,-11.54094728,0.639,-0.055371441,-0.086648,0
915.888924,0.746279,7.507699,-1.564813,-18.06275972,-11.54307877,0.639,-0.055362526,-0.086632,0
745.322345,0.746279,16.951474,-1.56485,-18.05985135,-11.54094728,0.639,-0.055371441,-0.086648,0
-100.644313,0.745381,80.616285,-1.774641,-14.28938024,-8.051983606,0.563,-0.069982041,-0.124193,1
719.818997,0.754196,38.982423,-1.605881,-8.438725374,-5.25488836,0.623,-0.118501309,-0.190299,1
297.780631,0.746279,41.730576,-1.56485,-18.05985135,-11.54094728,0.639,-0.055371441,-0.086648,0
546.588768,0.746279,27.954789,-1.564812,-18.06253968,-11.54294553,0.639,-0.0553632,-0.086633,0
-263.993778,0.746279,72.83442,-1.564812,-18.06253968,-11.54294553,0.639,-0.0553632,-0.086633,0
-409.523057,0.746279,80.891952,-1.56485,-18.05985135,-11.54094728,0.639,-0.055371441,-0.086648,0
338.466241,0.746279,39.47793,-1.56485,-18.05985135,-11.54094728,0.639,-0.055371441,-0.086648,0
368.198015,0.746279,37.831774,-1.564813,-18.06275972,-11.54307877,0.639,-0.055362526,-0.086632,0
1067.875709,0.745382,-9.052553,-0.272971,-0.164475932,-0.602539947,3.66,-6.079916914,-1.659641,1
-400.13407,0.746279,80.372111,-1.56485,-18.05985135,-11.54094728,0.639,-0.055371441,-0.086648,0
867.215033,0.744838,14.714148,-1.638067,-12.40489966,-7.572889057,0.61,-0.080613308,-0.13205,1
1056.66236,0.742214,0.87946,-1.557595,4.634058176,2.975136782,0.642,0.215793579,0.336119,1
-385.704489,0.745906,57.607816,-1.728946,-24.95663847,-14.43459684,0.578,-0.040069499,-0.069278,1
557.542605,0.746279,27.3483,-1.56485,-18.05985135,-11.54094728,0.639,-0.055371441,-0.086648,0
535.634969,0.746279,28.561263,-1.564851,-18.05986289,-11.54094728,0.639,-0.055371406,-0.086648,0
1033.682356,0.74587,-0.261593,-1.730832,13.8149369,7.981674076,0.578,0.072385419,0.125287,1
790.225218,0.745381,18.271001,-1.774641,-14.28926518,-8.051918772,0.563,-0.069982605,-0.124194,1
-304.679388,0.746279,75.087066,-1.564812,-18.06274818,-11.54307877,0.639,-0.055362561,-0.086632,0
1042.069267,0.746621,-1.121636,-0.968178,-2.275324785,-2.350109985,1.03,-0.439497696,-0.425512,1
1018.751543,0.746464,-19.441672,0.070218,-0.041098921,0.585304639,-14.2,-24.33153892,1.708512,1
475.043637,0.746084,-0.842113,-1.594317,463.5990113,290.7822041,0.627,0.002157037,0.003439,1
586.645861,0.746084,-0.601361,-1.594317,463.4642442,290.6976744,0.627,0.002157664,0.00344,1
1033.723439,0.746884,-49.901967,1.69603,124.3150334,-73.2976618,-0.59,0.008044079,-0.013643,1
330.642067,0.746279,39.911139,-1.564813,-18.06275972,-11.54307877,0.639,-0.055362526,-0.086632,0
676.469774,0.746279,20.763644,-1.56485,-18.05985135,-11.54094728,0.639,-0.055371441,-0.086648,0
944.055885,0.746279,5.948175,-1.564813,-18.06275972,-11.54307877,0.639,-0.055362526,-0.086632,0
599.793028,0.746279,25.009022,-1.564813,-18.06275972,-11.54307877,0.639,-0.055362526,-0.086632,0
-254.604791,0.746279,72.314579,-1.564812,-18.06274818,-11.54307877,0.639,-0.055362561,-0.086632,0
1037.22789,0.74424,2.191199,-0.750564,-0.597619916,-0.796227791,1.33,-1.673304342,-1.255922,1
-227.013943,0.744838,102.923086,-1.638067,-12.40489966,-7.572889057,0.61,-0.080613308,-0.13205,1
712.567455,0.749374,-14.167072,-1.564314,22.79709701,14.57322316,0.639,0.043865234,0.068619,1
44.277982,0.746279,55.76629,-1.564851,-18.05986289,-11.54094728,0.639,-0.055371406,-0.086648,0
936.231748,0.746279,6.381368,-1.56485,-18.05985135,-11.54094728,0.639,-0.055371441,-0.086648,0
1051.706201,0.748895,-8.9243,0.164384,0.135101106,-0.821862867,-6.08,7.401863928,-1.216748,1
-284.828782,0.696091,-130.1954,-1.626686,10.1847381,6.261035074,0.615,0.098186128,0.159718,1
-41.787752,0.746279,60.53151,-1.564812,-18.06274818,-11.54307877,0.639,-0.055362561,-0.086632,0
338.723694,0.745906,28.580075,-1.728945,-24.9562638,-14.43438849,0.578,-0.040070101,-0.069279,1
1050.503341,0.74482,2.851229,-0.62268,0.61345124,0.985178968,1.61,1.630121411,1.015044,1
-371.967109,0.746279,78.812587,-1.56485,-18.05985135,-11.54094728,0.639,-0.055371441,-0.086648,0
692.118085,0.746279,19.897242,-1.56485,-18.05985135,-11.54094728,0.639,-0.055371441,-0.086648,0
1022.706252,0.743506,6.298777,-0.672841,-0.493994674,-0.734192289,1.49,-2.024313322,-1.362041,1
-49.179739,0.745381,77.014665,-1.77464,-14.28937219,-8.051983606,0.563,-0.069982081,-0.124193,1
902.762084,0.658266,8.53864,-1.704572,-17.25048324,-10.12012589,0.587,-0.057969391,-0.098813,1
1011.343644,0.746279,2.222638,-1.56485,-18.05985135,-11.54094728,0.639,-0.055371441,-0.086648,0
-104.380998,0.746279,63.997118,-1.564813,-18.06255122,-11.54294553,0.639,-0.055363165,-0.086633,0
1059.493652,0.745382,-48.495859,1.65959,6.078060107,-3.662386558,-0.603,0.164526178,-0.273046,1
-59.000876,0.746279,61.484544,-1.56485,-18.05985135,-11.54094728,0.639,-0.055371441,-0.086648,0
623.212266,0.658266,24.744076,-1.704572,-17.25030866,-10.12002348,0.587,-0.057969977,-0.098814,1
1044.11458,0.744143,0.361709,-1.707868,17.57988245,10.29346674,0.586,0.056883202,0.097149,1
557.700334,0.749374,-20.960356,-1.564314,22.79709701,14.57322316,0.639,0.043865234,0.068619,1
-7.361466,0.746279,58.625425,-1.564812,-18.06274818,-11.54307877,0.639,-0.055362561,-0.086632,0
-38.186435,0.745906,43.682814,-1.728945,-24.95662404,-14.43459684,0.578,-0.040069522,-0.069278,1
534.070118,0.746279,28.647911,-1.564812,-18.06274818,-11.54307877,0.639,-0.055362561,-0.086632,0
751.183127,0.745381,21.003265,-1.774641,-14.28938024,-8.051983606,0.563,-0.069982041,-0.124193,1
1026.780667,0.746424,2.081005,-1.20543,-1.411310575,-1.170794302,0.83,-0.70856126,-0.854121,1
948.616904,0.749372,1.439271,-1.593054,-89.99796622,-56.49398339,0.628,-0.011111362,-0.017701,1
-195.532992,0.754196,147.453036,-1.605881,-8.438725374,-5.25488836,0.623,-0.118501309,-0.190299,1
1019.431924,0.744277,-7.931116,-0.371789,0.237811329,0.639640573,2.69,4.205014134,1.563378,1
-37.093239,0.746279,60.271581,-1.56485,-18.05985135,-11.54094728,0.639,-0.055371441,-0.086648,0
-401.235542,0.658266,84.13107,-1.704572,-17.25030866,-10.12002348,0.587,-0.057969977,-0.098814,1
-232.697154,0.746279,71.101616,-1.564812,-18.06274818,-11.54307877,0.639,-0.055362561,-0.086632,0
1068.221236,0.745697,-12.474466,-0.14808,-0.08624395,-0.582414574,6.75,-11.59501621,-1.71699,1
-2.666953,0.746279,58.365497,-1.564851,-18.05986289,-11.54094728,0.639,-0.055371406,-0.086648,0
-165.578317,0.746216,-3.00384,-1.606589,357.7352483,222.6675573,0.622,0.002795363,0.004491,1
66.185618,0.746279,54.553327,-1.56485,-18.05985135,-11.54094728,0.639,-0.055371441,-0.086648,0
980.04702,0.746279,3.955442,-1.56485,-18.05985135,-11.54094728,0.639,-0.055371441,-0.086648,0
-103.693609,0.746084,-2.09058,-1.594318,463.5993021,290.7822041,0.627,0.002157035,0.003439,1
840.260048,0.754196,24.709974,-1.605881,-8.438725374,-5.25488836,0.623,-0.118501309,-0.190299,1
965.522472,0.744162,-4.629632,-1.708548,15.67705351,9.175658812,0.585,0.063787497,0.108984,1
577.885391,0.746279,26.221985,-1.564812,-18.06274818,-11.54307877,0.639,-0.055362561,-0.086632,0
-402.992017,0.746095,-187.362472,-1.609769,7.715201127,4.792738043,0.621,0.129614249,0.208649,1
884.5923,0.746279,9.240503,-1.564812,-18.06274818,-11.54307877,0.639,-0.055362561,-0.086632,0
435.697672,0.746095,-78.655955,-1.609769,7.71516415,4.792715073,0.621,0.12961487,0.20865,1
135.038189,0.746279,50.741158,-1.56485,-18.05985135,-11.54094728,0.639,-0.055371441,-0.086648,0
1023.523431,0.743904,5.124808,-0.772707,-0.600631952,-0.777308801,1.29,-1.664913091,-1.28649,1
1065.351841,0.744912,25.070248,-0.078261,0.045578356,0.582389135,12.8,21.94023843,1.717065,1
-230.746726,0.746095,-165.036949,-1.609769,7.71516415,4.792715073,0.621,0.12961487,0.20865,1
1051.755269,0.747128,6.699,-0.137065,0.123204162,0.898873981,7.3,8.116608908,1.112503,1
706.201547,0.746279,19.117488,-1.564812,-18.06274818,-11.54307877,0.639,-0.055362561,-0.086632,0
-99.180151,0.754196,136.035077,-1.605881,-8.438725374,-5.25488836,0.623,-0.118501309,-0.190299,1
-102.418954,0.745381,80.740478,-1.77464,-14.28925713,-8.051918772,0.563,-0.069982644,-0.124194,1
-527.478024,0.745906,63.288662,-1.728946,-24.95627824,-14.43438849,0.578,-0.040070077,-0.069279,1
208.635789,0.744162,-52.909468,-1.708547,15.67704434,9.175658812,0.585,0.063787534,0.108984,1
-174.798382,0.746279,67.89592,-1.56485,-18.05985135,-11.54094728,0.639,-0.055371441,-0.086648,0
601.357878,0.746279,24.922374,-1.56485,-18.05985135,-11.54094728,0.639,-0.055371441,-0.086648,0
-331.347578,0.745381,96.761477,-1.77464,-14.28925713,-8.051918772,0.563,-0.069982644,-0.124194,1
781.504232,0.750461,-7.734166,-1.705343,32.17021317,18.86436521,0.586,0.031084656,0.05301,1
760.970657,0.746279,16.085072,-1.56485,-18.05985135,-11.54094728,0.639,-0.055371441,-0.086648,0
276.722667,0.750461,-23.425283,-1.705344,32.17023203,18.86436521,0.586,0.031084637,0.05301,1
610.560624,0.746084,-0.549772,-1.594318,463.5993021,290.7822041,0.627,0.002157035,0.003439,1
868.943989,0.746279,10.106905,-1.564813,-18.06255122,-11.54294553,0.639,-0.055363165,-0.086633,0
1056.073081,0.745696,-48.840919,1.71726,11.59425574,-6.751601818,-0.582,0.086249607,-0.148113,1
-367.272635,0.746279,78.552674,-1.564812,-18.06253968,-11.54294553,0.639,-0.0553632,-0.086633,0
945.620735,0.746279,5.861527,-1.56485,-18.05985135,-11.54094728,0.639,-0.055371441,-0.086648,0
-118.987223,0.746216,-2.873603,-1.60659,357.7354709,222.6675573,0.622,0.002795362,0.004491,1
713.395474,0.754196,39.74362,-1.60588,-8.438720119,-5.25488836,0.623,-0.118501382,-0.190299,1
-323.457362,0.746279,76.126748,-1.564812,-18.06253968,-11.54294553,0.639,-0.0553632,-0.086633,0
88.093254,0.746279,53.340364,-1.56485,-18.05985135,-11.54094728,0.639,-0.055371441,-0.086648,0
59.926293,0.746279,54.899888,-1.56485,-18.05985135,-11.54094728,0.639,-0.055371441,-0.086648,0
-438.736127,0.658266,86.30497,-1.704572,-17.25030866,-10.12002348,0.587,-0.057969977,-0.098814,1
958.139384,0.746279,5.168405,-1.56485,-18.05985135,-11.54094728,0.639,-0.055371441,-0.086648,0
881.462638,0.746279,9.413784,-1.564812,-18.06274818,-11.54307877,0.639,-0.055362561,-0.086632,0
683.798749,0.680672,-24.343489,-1.784364,14.93129158,8.367850718,0.56,0.066973443,0.119505,1
382.281514,0.746279,37.052004,-1.56485,-18.05985135,-11.54094728,0.639,-0.055371441,-0.086648,0
1051.858186,0.748506,-6.672213,-0.278759,-0.268335507,-0.962607511,3.59,-3.726677883,-1.038845,1
675.023911,0.749374,-15.813929,-1.564315,22.79711159,14.57322316,0.639,0.043865206,0.068619,1
-537.851697,0.745906,63.704334,-1.728946,-24.95627824,-14.43438849,0.578,-0.040070077,-0.069279,1
21.2609,0.754196,121.762628,-1.605881,-8.438725374,-5.25488836,0.623,-0.118501309,-0.190299,1
19.240683,0.746279,57.152534,-1.56485,-18.05985135,-11.54094728,0.639,-0.055371441,-0.086648,0
715.590534,0.746279,18.597646,-1.564812,-18.06253968,-11.54294553,0.639,-0.0553632,-0.086633,0
-171.66872,0.746279,67.72264,-1.56485,-18.05985135,-11.54094728,0.639,-0.055371441,-0.086648,0
10.689139,0.750461,-31.694925,-1.705343,32.16960631,18.86400936,0.586,0.031085242,0.053011,1
804.78593,0.746279,13.659146,-1.564851,-18.05986289,-11.54094728,0.639,-0.055371406,-0.086648,0
1026.991956,0.746279,1.356236,-1.564851,-18.05986289,-11.54094728,0.639,-0.055371406,-0.086648,0
145.991989,0.746279,50.134684,-1.564813,-18.06255122,-11.54294553,0.639,-0.055363165,-0.086633,0
776.623751,0.658266,15.850849,-1.704572,-17.25048324,-10.12012589,0.587,-0.057969391,-0.098813,1
618.571002,0.746279,23.96934,-1.564813,-18.06275972,-11.54307877,0.639,-0.055362526,-0.086632,0
612.984834,0.658266,25.336958,-1.704572,-17.25048324,-10.12012589,0.587,-0.057969391,-0.098813,1
647.229926,0.746084,-0.470668,-1.594318,463.5993021,290.7822041,0.627,0.002157035,0.003439,1
420.040671,0.749374,-26.99883,-1.564315,22.79677936,14.57301078,0.639,0.043865845,0.06862,1
941.602802,0.744162,-6.155406,-1.708547,15.67718819,9.175743006,0.585,0.063786949,0.108983,1
-166.974245,0.746279,67.462727,-1.564812,-18.06274818,-11.54307877,0.639,-0.055362561,-0.086632,0
860.662764,0.744838,15.242346,-1.638068,-12.40500117,-7.572946406,0.61,-0.080612649,-0.132049,1
935.185339,0.696091,-10.406626,-1.626685,10.18473184,6.261035074,0.615,0.098186188,0.159718,1
371.327677,0.746279,37.658493,-1.564812,-18.06253968,-11.54294553,0.639,-0.0553632,-0.086633,0
1022.591985,0.745614,34.94506,0.335838,0.203230011,-0.605142989,-2.98,4.920533114,-1.652502,1
637.348976,0.746279,22.929657,-1.564813,-18.06275972,-11.54307877,0.639,-0.055362526,-0.086632,0
434.166207,0.696091,-59.599882,-1.626686,10.1847381,6.261035074,0.615,0.098186128,0.159718,1
279.002657,0.746279,42.770258,-1.56485,-18.05985135,-11.54094728,0.639,-0.055371441,-0.086648,0
-361.138021,0.746095,-181.937578,-1.609769,7.71516415,4.792715073,0.621,0.12961487,0.20865,1
426.096787,0.746279,34.626078,-1.56485,-18.05985135,-11.54094728,0.639,-0.055371441,-0.086648,0
729.674033,0.746279,17.817876,-1.56485,-18.05964293,-11.54081409,0.639,-0.05537208,-0.086649,0
610.746865,0.746279,24.402533,-1.56485,-18.05985135,-11.54094728,0.639,-0.055371441,-0.086648,0
-8.926278,0.746279,58.712057,-1.56485,-18.05964293,-11.54081409,0.639,-0.05537208,-0.086649,0
-80.908512,0.746279,62.697507,-1.56485,-18.05985135,-11.54094728,0.639,-0.055371441,-0.086648,0
607.617202,0.746279,24.575813,-1.56485,-18.05985135,-11.54094728,0.639,-0.055371441,-0.086648,0
459.100463,0.746084,-0.876506,-1.594318,463.5993021,290.7822041,0.627,0.002157035,0.003439,1
748.452007,0.746279,16.778194,-1.56485,-18.05985135,-11.54094728,0.639,-0.055371441,-0.086648,0
278.2106,0.745906,31.004827,-1.728945,-24.95662404,-14.43459684,0.578,-0.040069522,-0.069278,1
23.935157,0.746279,56.892621,-1.564812,-18.06274818,-11.54307877,0.639,-0.055362561,-0.086632,0
-357.883648,0.746279,78.032833,-1.564812,-18.06274818,-11.54307877,0.639,-0.055362561,-0.086632,0
379.896618,0.749372,7.758249,-1.593054,-90.00305085,-56.49717514,0.628,-0.011110734,-0.0177,1
878.522527,0.749372,2.218081,-1.593054,-90.00305085,-56.49717514,0.628,-0.011110734,-0.0177,1
74.009755,0.746279,54.120134,-1.564812,-18.06274818,-11.54307877,0.639,-0.055362561,-0.086632,0
782.878293,0.746279,14.872109,-1.56485,-18.05985135,-11.54094728,0.639,-0.055371441,-0.086648,0
-314.068375,0.746279,75.606907,-1.564812,-18.06274818,-11.54307877,0.639,-0.055362561,-0.086632,0
787.572768,0.746279,14.612196,-1.564812,-18.06253968,-11.54294553,0.639,-0.0553632,-0.086633,0
611.162502,0.746095,-55.913133,-1.609769,7.715201127,4.792738043,0.621,0.129614249,0.208649,1
1038.805316,0.748133,-1.40899,-0.972807,1.148327748,1.180427102,1.03,0.870831522,0.847151,1
-269.381184,0.746095,-170.044543,-1.609769,7.71516415,4.792715073,0.621,0.12961487,0.20865,1
-420.476894,0.746279,81.498442,-1.564813,-18.06275972,-11.54307877,0.639,-0.055362526,-0.086632,0
-41.912335,0.744838,88.001514,-1.638067,-12.40489966,-7.572889057,0.61,-0.080613308,-0.13205,1
73.546298,0.680672,-65.214192,-1.784364,14.93129158,8.367850718,0.56,0.066973443,0.119505,1
157.93188,0.744838,71.891499,-1.638068,-12.40500117,-7.572946406,0.61,-0.080612649,-0.132049,1
-301.549726,0.746279,74.913785,-1.564812,-18.06253968,-11.54294553,0.639,-0.0553632,-0.086633,0
455.82856,0.746279,32.979922,-1.564812,-18.06274818,-11.54307877,0.639,-0.055362561,-0.086632,0
-303.114538,0.746279,75.000418,-1.56485,-18.05985135,-11.54094728,0.639,-0.055371441,-0.086648,0
856.425339,0.746279,10.800027,-1.564812,-18.06274818,-11.54307877,0.639,-0.055362561,-0.086632,0
845.47154,0.746279,11.406501,-1.56485,-18.05985135,-11.54094728,0.639,-0.055371441,-0.086648,0
-549.954316,0.745906,64.189284,-1.728946,-24.95627824,-14.43438849,0.578,-0.040070077,-0.069279,1
-273.382765,0.746279,73.354262,-1.564812,-18.06274818,-11.54307877,0.639,-0.055362561,-0.086632,0
-418.401259,0.744162,-92.906534,-1.708548,15.67705351,9.175658812,0.585,0.063787497,0.108984,1
961.269046,0.746279,4.995125,-1.56485,-18.05985135,-11.54094728,0.639,-0.055371441,-0.086648,0
-65.151503,0.745381,78.132409,-1.774641,-14.28926518,-8.051918772,0.563,-0.069982605,-0.124194,1
667.080787,0.746279,21.283485,-1.56485,-18.05985135,-11.54094728,0.639,-0.055371441,-0.086648,0
343.710531,0.746216,-1.580209,-1.606589,357.7352483,222.6675573,0.622,0.002795363,0.004491,1
1.043464,0.658266,60.811053,-1.704572,-17.25048324,-10.12012589,0.587,-0.057969391,-0.098813,1
-307.80905,0.746279,75.260346,-1.564813,-18.06255122,-11.54294553,0.639,-0.055363165,-0.086633,0
530.940456,0.746279,28.821192,-1.564812,-18.06274818,-11.54307877,0.639,-0.055362561,-0.086632,0
192.936924,0.746279,47.535478,-1.564813,-18.06275972,-11.54307877,0.639,-0.055362526,-0.086632,0
75.492178,0.750461,-29.680525,-1.705344,32.16962517,18.86400936,0.586,0.031085224,0.053011,1
268.04882,0.746279,43.376748,-1.564812,-18.06274818,-11.54307877,0.639,-0.055362561,-0.086632,0
1051.387114,0.748367,-5.290065,-0.44787,-0.452926471,-1.011290042,2.23,-2.207863889,-0.988836,1
-457.977592,0.746216,-3.821193,-1.60659,357.7354709,222.6675573,0.622,0.002795362,0.004491,1
274.559436,0.749374,-33.3804,-1.564315,22.79711159,14.57322316,0.639,0.043865206,0.068619,1
-187.317031,0.746279,68.589042,-1.56485,-18.05985135,-11.54094728,0.639,-0.055371441,-0.086648,0
54.733638,0.744838,80.210605,-1.638068,-12.40490723,-7.572889057,0.61,-0.080613259,-0.13205,1
139.736132,0.696091,-88.508906,-1.626685,10.18466807,6.260995874,0.615,0.098186803,0.159719,1
665.638024,0.749374,-16.225643,-1.564314,22.79709701,14.57322316,0.639,0.043865234,0.068619,1
-262.428927,0.746279,72.747772,-1.564851,-18.05986289,-11.54094728,0.639,-0.055371406,-0.086648,0
776.146917,0.745906,11.052585,-1.728945,-24.95662404,-14.43459684,0.578,-0.040069522,-0.069278,1
-57.436063,0.746279,61.397912,-1.564813,-18.06275972,-11.54307877,0.639,-0.055362526,-0.086632,0
742.192683,0.746279,17.124755,-1.56485,-18.05985135,-11.54094728,0.639,-0.055371441,-0.086648,0
111.565703,0.746279,52.040769,-1.564812,-18.06274818,-11.54307877,0.639,-0.055362561,-0.086632,0
1053.132112,0.744855,43.353898,1.734947,-10.89346058,6.278843437,-0.576,-0.091798193,0.159265,1
1047.54151,0.748202,-14.088674,1.025606,1.619946581,-1.579501857,-0.975,0.617304306,-0.633111,1
1036.141538,0.746095,-0.829599,-1.609769,7.715127174,4.792692103,0.621,0.129615491,0.208651,1
443.309911,0.746279,33.673044,-1.564813,-18.06275972,-11.54307877,0.639,-0.055362526,-0.086632,0
419.837462,0.746279,34.972639,-1.56485,-18.05985135,-11.54094728,0.639,-0.055371441,-0.086648,0
167.899625,0.746279,48.921721,-1.564812,-18.06253968,-11.54294553,0.639,-0.0553632,-0.086633,0
-301.930503,0.749372,15.333942,-1.593054,-90.00305085,-56.49717514,0.628,-0.011110734,-0.0177,1
162.97781,0.658266,51.423757,-1.704572,-17.25030866,-10.12002348,0.587,-0.057969977,-0.098814,1
359.044521,0.680672,-46.093395,-1.784364,14.93129158,8.367850718,0.56,0.066973443,0.119505,1
399.494638,0.746279,36.09897,-1.564812,-18.06274818,-11.54307877,0.639,-0.055362561,-0.086632,0
746.251485,0.680672,-20.160815,-1.784364,14.93129158,8.367850718,0.56,0.066973443,0.119505,1
1049.117752,0.744122,1.927615,-1.220396,1.575617358,1.291070569,0.819,0.634671861,0.774551,1
1063.578377,0.743623,38.381624,0.720972,-0.543775229,0.754225169,-1.39,-1.838995134,1.325864,1
1020.702731,0.743859,-5.039308,-0.747344,0.564797923,0.755740225,1.34,1.770544756,1.323206,1
608.221555,0.696091,-42.510017,-1.626686,10.1847381,6.261035074,0.615,0.098186128,0.159718,1
709.331209,0.746279,18.944207,-1.564812,-18.06274818,-11.54307877,0.639,-0.055362561,-0.086632,0
178.853462,0.746279,48.315232,-1.56485,-18.05985135,-11.54094728,0.639,-0.055371441,-0.086648,0
1037.117935,0.746592,-49.850787,1.703995,29.66875022,-17.41128948,-0.587,0.033705498,-0.057434,1
91.016861,0.745381,67.203355,-1.774641,-14.28926518,-8.051918772,0.563,-0.069982605,-0.124194,1
1037.239112,0.748358,-9.750252,0.455792,-0.460483405,1.010292864,-2.19,-2.171630919,0.989812,1
11.416508,0.746279,57.585743,-1.564812,-18.06274818,-11.54307877,0.639,-0.055362561,-0.086632,0
-27.704252,0.746279,59.75174,-1.56485,-18.05985135,-11.54094728,0.639,-0.055371441,-0.086648,0
163.20515,0.746279,49.181634,-1.56485,-18.05985135,-11.54094728,0.639,-0.055371441,-0.086648,0
632.621837,0.696091,-40.114242,-1.626685,10.18473184,6.261035074,0.615,0.098186188,0.159718,1
-91.862349,0.746279,63.303997,-1.564812,-18.06274818,-11.54307877,0.639,-0.055362561,-0.086632,0
1040.034496,0.748186,-0.605427,-1.024893,1.567476589,1.529405107,0.976,0.637968061,0.653849,1
493.384508,0.746279,30.900557,-1.564812,-18.06274818,-11.54307877,0.639,-0.055362561,-0.086632,0
995.695332,0.746279,3.08904,-1.56485,-18.05985135,-11.54094728,0.639,-0.055371441,-0.086648,0
274.308144,0.746279,43.030187,-1.564812,-18.06274818,-11.54307877,0.639,-0.055362561,-0.086632,0
843.575794,0.745906,8.350719,-1.728946,-24.95663847,-14.43459684,0.578,-0.040069499,-0.069278,1
504.338345,0.746279,30.294067,-1.56485,-18.05985135,-11.54094728,0.639,-0.055371441,-0.086648,0
1044.256426,0.748546,-15.344158,1.051071,4.30223734,-4.093193837,-0.951,0.2324372,-0.244308,1
-34.297427,0.749372,12.360305,-1.593054,-89.99796622,-56.49398339,0.628,-0.011111362,-0.017701,1
333.771729,0.746279,39.737859,-1.564812,-18.06274818,-11.54307877,0.639,-0.055362561,-0.086632,0
689.415703,0.750461,-10.596734,-1.705343,32.16960631,18.86400936,0.586,0.031085242,0.053011,1
1046.551808,0.745658,0.631383,-1.204236,5.825501408,4.837508103,0.83,0.171659044,0.206718,1
532.505306,0.746279,28.734543,-1.56485,-18.05964293,-11.54081409,0.639,-0.05537208,-0.086649,0
233.622534,0.746279,45.282832,-1.564812,-18.06253968,-11.54294553,0.639,-0.0553632,-0.086633,0
647.732578,0.744162,-24.900624,-1.708548,15.67705351,9.175658812,0.585,0.063787497,0.108984,1
5.157183,0.746279,57.932303,-1.564812,-18.06253968,-11.54294553,0.639,-0.0553632,-0.086633,0
-564.011495,0.750461,-49.559474,-1.705343,32.17021317,18.86436521,0.586,0.031084656,0.05301,1
908.064787,0.746279,7.940892,-1.56485,-18.05985135,-11.54094728,0.639,-0.055371441,-0.086648,0
442.460427,0.745906,24.423358,-1.728946,-24.95627824,-14.43438849,0.578,-0.040070077,-0.069279,1
1044.498677,0.747225,14.165061,1.036758,-3.593166884,3.465772035,-0.965,-0.278306027,0.288536,1
133.473339,0.746279,50.827806,-1.564812,-18.06274818,-11.54307877,0.639,-0.055362561,-0.086632,0
-429.865881,0.746279,82.018283,-1.564813,-18.06275972,-11.54307877,0.639,-0.055362526,-0.086632,0
-125.90504,0.749374,-50.946872,-1.564314,22.79709701,14.57322316,0.639,0.043865234,0.068619,1
1037.273802,0.748165,-11.394202,0.687346,-0.672280201,0.9780812,-1.45,-1.487475013,1.02241,1
-338.906202,0.750461,-42.562084,-1.705343,32.17021317,18.86436521,0.586,0.031084656,0.05301,1
1044.21127,0.746288,0.430353,-1.568801,-23.12433301,-14.74013148,0.637,-0.043244491,-0.067842,0
1033.251282,0.746279,1.00968,-1.564851,-18.0604882,-11.54134688,0.639,-0.055369489,-0.086645,0
969.093183,0.746279,4.561932,-1.564812,-18.06274818,-11.54307877,0.639,-0.055362561,-0.086632,0
1037.4886,0.748175,-11.762772,0.750386,-0.742546197,0.989552307,-1.33,-1.346717556,1.010558,1
64.620768,0.746279,54.639975,-1.564812,-18.06253968,-11.54294553,0.639,-0.0553632,-0.086633,0
567.815096,0.680672,-32.111313,-1.784364,14.93129158,8.367850718,0.56,0.066973443,0.119505,1
-117.71793,0.745906,46.86963,-1.728945,-24.9562638,-14.43438849,0.578,-0.040070101,-0.069279,1
967.067228,0.746216,0.16228,-1.606589,357.7352483,222.6675573,0.622,0.002795363,0.004491,1
-138.558307,0.744838,95.792424,-1.638067,-12.4049936,-7.572946406,0.61,-0.080612698,-0.132049,1
1026.994641,0.749374,-0.374647,-1.564315,22.79711159,14.57322316,0.639,0.043865206,0.068619,1
-98.121674,0.746279,63.650558,-1.564812,-18.06274818,-11.54307877,0.639,-0.055362561,-0.086632,0
1066.581858,0.744493,-4.488546,-0.887432,-0.752990769,-0.848505315,1.13,-1.328037529,-1.178543,1
579.450241,0.746279,26.135337,-1.56485,-18.05985135,-11.54094728,0.639,-0.055371441,-0.086648,0
480.865859,0.746279,31.593678,-1.564813,-18.06255122,-11.54294553,0.639,-0.055363165,-0.086633,0
773.489306,0.746279,15.39195,-1.56485,-18.05964293,-11.54081409,0.639,-0.05537208,-0.086649,0
-395.439596,0.746279,80.112198,-1.564812,-18.06253968,-11.54294553,0.639,-0.0553632,-0.086633,0
1038.677214,0.745382,0.891907,-1.775333,-14.57712109,-8.210922169,0.563,-0.068600651,-0.121789,1
-58.639522,0.749374,-47.996254,-1.564315,22.79711159,14.57322316,0.639,0.043865206,0.068619,1
-177.928044,0.746279,68.069201,-1.56485,-18.05985135,-11.54094728,0.639,-0.055371441,-0.086648,0
-216.989178,0.746216,-3.147551,-1.60659,357.7354709,222.6675573,0.622,0.002795362,0.004491,1
239.881859,0.746279,44.936271,-1.564813,-18.06255122,-11.54294553,0.639,-0.055363165,-0.086633,0
149.313211,0.746216,-2.123614,-1.60659,357.7354709,222.6675573,0.622,0.002795362,0.004491,1
540.410654,0.746084,-0.701101,-1.594317,463.5990113,290.7822041,0.627,0.002157037,0.003439,1
-54.306401,0.746279,61.224632,-1.564812,-18.06274818,-11.54307877,0.639,-0.055362561,-0.086632,0
102.705219,0.749372,10.838087,-1.593054,-90.00305085,-56.49717514,0.628,-0.011110734,-0.0177,1
8.413855,0.754196,123.285022,-1.605881,-8.43868103,-5.254860746,0.623,-0.118501931,-0.1903,1
1018.98868,0.745908,-24.587725,0.088793,-0.051512217,0.58013827,-11.3,-19.41287038,1.723727,1
724.979521,0.746279,18.077805,-1.564812,-18.06274818,-11.54307877,0.639,-0.055362561,-0.086632,0
452.698898,0.746279,33.153202,-1.564813,-18.06255122,-11.54294553,0.639,-0.055363165,-0.086633,0
-181.057707,0.746279,68.242481,-1.56485,-18.05985135,-11.54094728,0.639,-0.055371441,-0.086648,0
126.722648,0.696091,-89.786653,-1.626685,10.18466807,6.260995874,0.615,0.098186803,0.159719,1
-408.180781,0.745906,58.508438,-1.728946,-24.95663847,-14.43459684,0.578,-0.040069499,-0.069278,1
-514.556544,0.750461,-48.022168,-1.705343,32.16960631,18.86400936,0.586,0.031085242,0.053011,1
-298.420063,0.746279,74.740505,-1.564813,-18.06275972,-11.54307877,0.639,-0.055362526,-0.086632,0
276.348107,0.749372,8.908763,-1.593054,-90.00305085,-56.49717514,0.628,-0.011110734,-0.0177,1
-60.565726,0.746279,61.571192,-1.564812,-18.06253968,-11.54294553,0.639,-0.0553632,-0.086633,0
-558.50218,0.744162,-101.843208,-1.708548,15.67705351,9.175658812,0.585,0.063787497,0.108984,1
707.766397,0.746279,19.030839,-1.56485,-18.05964293,-11.54081409,0.639,-0.05537208,-0.086649,0
-102.816148,0.746279,63.91047,-1.56485,-18.05985135,-11.54094728,0.639,-0.055371441,-0.086648,0
-201.245741,0.680672,-83.617959,-1.784364,14.93129158,8.367850718,0.56,0.066973443,0.119505,1
-63.695388,0.746279,61.744473,-1.564812,-18.06274818,-11.54307877,0.639,-0.055362561,-0.086632,0
-460.943704,0.746095,-194.873863,-1.609769,7.715201127,4.792738043,0.621,0.129614249,0.208649,1
2.027521,0.746279,58.105584,-1.564812,-18.06274818,-11.54307877,0.639,-0.055362561,-0.086632,0
1000.389807,0.746279,2.829127,-1.564813,-18.06255122,-11.54294553,0.639,-0.055363165,-0.086633,0
211.714898,0.746279,46.495795,-1.564813,-18.06255122,-11.54294553,0.639,-0.055363165,-0.086633,0
717.155384,0.746279,18.510998,-1.56485,-18.05985135,-11.54094728,0.639,-0.055371441,-0.086648,0
385.411176,0.746279,36.878724,-1.56485,-18.05985135,-11.54094728,0.639,-0.055371441,-0.086648,0
-104.266692,0.696091,-112.466661,-1.626686,10.1847381,6.261035074,0.615,0.098186128,0.159718,1
-293.725551,0.746279,74.480576,-1.56485,-18.05964293,-11.54081409,0.639,-0.05537208,-0.086649,0
-109.347687,0.746216,-2.846657,-1.606589,357.7352483,222.6675573,0.622,0.002795363,0.004491,1
1047.109112,0.744845,-0.735144,-1.377719,2.516078427,1.826263866,0.726,0.397443891,0.547566,1
753.146482,0.746279,16.518281,-1.564812,-18.06274818,-11.54307877,0.639,-0.055362561,-0.086632,0
710.896059,0.746279,18.857559,-1.56485,-18.05985135,-11.54094728,0.639,-0.055371441,-0.086648,0
224.233547,0.746279,45.802674,-1.564812,-18.06274818,-11.54307877,0.639,-0.055362561,-0.086632,0
-363.228197,0.745906,56.707194,-1.728946,-24.95663847,-14.43459684,0.578,-0.040069499,-0.069278,1
-43.352564,0.746279,60.618142,-1.56485,-18.05985135,-11.54094728,0.639,-0.055371441,-0.086648,0
1013.266243,0.696091,-2.740144,-1.626685,10.18473184,6.261035074,0.615,0.098186188,0.159718,1
67.75043,0.746279,54.466695,-1.564812,-18.06274818,-11.54307877,0.639,-0.055362561,-0.086632,0
-221.743317,0.746279,70.495127,-1.56485,-18.05985135,-11.54094728,0.639,-0.055371441,-0.086648,0
1018.829867,0.746213,-21.161181,0.077178,-0.045017709,0.583297169,-13,-22.21348053,1.714392,1
934.666898,0.746279,6.468016,-1.564813,-18.06255122,-11.54294553,0.639,-0.055363165,-0.086633,0
1035.731379,0.748704,-7.163942,0.13529,-0.125517811,0.927768577,-7.39,-7.966996822,1.077855,1
828.258378,0.746279,12.359551,-1.564812,-18.06274818,-11.54307877,0.639,-0.055362561,-0.086632,0
415.254475,0.658266,36.799339,-1.704572,-17.25030866,-10.12002348,0.587,-0.057969977,-0.098814,1
1021.349211,0.744493,-44.680745,0.887248,-0.752757359,0.848418209,-1.13,-1.328449317,1.178664,1
502.773495,0.746279,30.380715,-1.564812,-18.06253968,-11.54294553,0.639,-0.0553632,-0.086633,0
872.028691,0.746084,0.014274,-1.594318,463.5993021,290.7822041,0.627,0.002157035,0.003439,1
-223.308167,0.746279,70.581775,-1.564812,-18.06274818,-11.54307877,0.639,-0.055362561,-0.086632,0
87.429579,0.750461,-29.309451,-1.705343,32.16960631,18.86400936,0.586,0.031085242,0.053011,1
393.095038,0.658266,38.083917,-1.704572,-17.25048324,-10.12012589,0.587,-0.057969391,-0.098813,1
1031.147251,0.742275,43.605192,1.564387,6.22899429,-3.981747669,-0.639,0.16053956,-0.251146,1
-299.404049,0.745381,94.525989,-1.77464,-14.28925713,-8.051918772,0.563,-0.069982644,-0.124194,1
959.704196,0.746279,5.081773,-1.564812,-18.06274818,-11.54307877,0.639,-0.055362561,-0.086632,0
986.306345,0.746279,3.608881,-1.56485,-18.05985135,-11.54094728,0.639,-0.055371441,-0.086648,0
920.621264,0.749374,-5.040741,-1.564314,22.79709701,14.57322316,0.639,0.043865234,0.068619,1
1036.265249,0.745466,4.387582,-0.273868,-0.215826953,-0.788069262,3.65,-4.63334161,-1.268924,1
-507.245745,0.744162,-98.573693,-1.708548,15.67705351,9.175658812,0.585,0.063787497,0.108984,1
682.729098,0.746279,20.417083,-1.56485,-18.05985135,-11.54094728,0.639,-0.055371441,-0.086648,0
-320.3277,0.746279,75.953468,-1.564812,-18.06274818,-11.54307877,0.639,-0.055362561,-0.086632,0
-114.260039,0.745906,46.731073,-1.728945,-24.95662404,-14.43459684,0.578,-0.040069522,-0.069278,1
867.379176,0.746279,10.193538,-1.56485,-18.05985135,-11.54094728,0.639,-0.055371441,-0.086648,0
1050.238822,0.749258,-11.939145,0.812318,0.684342526,-0.842456434,-1.23,1.461256552,-1.187005,1
973.013189,0.745381,5.479041,-1.77464,-14.28937219,-8.051983606,0.563,-0.069982081,-0.124193,1
1041.105516,0.746275,-0.761876,-0.993921,-1.969029888,-1.98107283,1.01,-0.507864307,-0.504777,1
1043.422229,0.748558,0.664027,-1.052398,4.39273386,4.174023383,0.95,0.227648665,0.239577,1
886.15715,0.746279,9.153855,-1.56485,-18.05985135,-11.54094728,0.639,-0.055371441,-0.086648,0
112.957112,0.744162,-59.012563,-1.708548,15.67705351,9.175658812,0.585,0.063787497,0.108984,1
746.887157,0.746279,16.864842,-1.564812,-18.06274818,-11.54307877,0.639,-0.055362561,-0.086632,0
724.278551,0.745906,13.130943,-1.728946,-24.95627824,-14.43438849,0.578,-0.040070077,-0.069279,1
-220.550904,0.658266,73.656825,-1.704572,-17.25030866,-10.12002348,0.587,-0.057969977,-0.098814,1
-142.209427,0.746095,-153.561213,-1.609769,7.71516415,4.792715073,0.621,0.12961487,0.20865,1
-502.209254,0.744838,125.10737,1546.418005,-12.39949397,0.008018203,-0.000647,-0.080648452,124.716219,1
153.937961,0.750461,-27.242041,-1.705343,32.17021317,18.86436521,0.586,0.031084656,0.05301,1
228.928059,0.746279,45.542745,-1.56485,-18.05985135,-11.54094728,0.639,-0.055371441,-0.086648,0
820.434241,0.746279,12.792744,-1.56485,-18.05985135,-11.54094728,0.639,-0.055371441,-0.086648,0
1050.973056,0.748286,-4.37848,-0.532482,-0.526586339,-0.988927963,1.88,-1.899023817,-1.011196,1
1052.137264,0.74425,-0.251556,-1.659446,150.3666183,90.61254078,0.603,0.006650412,0.011036,1
-271.009384,0.754196,156.397104,-1.605881,-8.438725374,-5.25488836,0.623,-0.118501309,-0.190299,1
1046.504618,0.746325,13.461232,0.993026,-1.98518249,1.999124384,-1.01,-0.503732027,0.500219,1
1037.945823,0.746279,0.74997,-1.564861,-18.0940163,-11.56269873,0.639,-0.05526689,-0.086485,0
51.44939,0.744162,-62.935981,-1.708547,15.67718819,9.175743006,0.585,0.063786949,0.108983,1
981.611833,0.746279,3.86881,-1.564813,-18.06275972,-11.54307877,0.639,-0.055362526,-0.086632,0
814.174917,0.746279,13.139305,-1.564851,-18.05986289,-11.54094728,0.639,-0.055371406,-0.086648,0
-219.08938,0.680672,-84.813009,-1.784364,14.93129158,8.367850718,0.56,0.066973443,0.119505,1
1001.407439,0.745381,3.491945,-1.774641,-14.2894953,-8.052048441,0.563,-0.069981478,-0.124192,1
762.535469,0.746279,15.99844,-1.564812,-18.06274818,-11.54307877,0.639,-0.055362561,-0.086632,0
1022.239869,0.744147,-45.85543,1.064195,-1.000358145,0.94001395,-0.94,-0.999641983,1.063814,1
-81.410073,0.745906,45.414779,-1.728946,-24.95627824,-14.43438849,0.578,-0.040070077,-0.069279,1
-126.288635,0.746279,65.210081,-1.564812,-18.06253968,-11.54294553,0.639,-0.0553632,-0.086633,0
651.898154,0.750461,-11.762966,-1.705343,32.17021317,18.86436521,0.586,0.031084656,0.05301,1
50.537306,0.746279,55.419729,-1.56485,-18.05985135,-11.54094728,0.639,-0.055371441,-0.086648,0
926.185457,0.744838,9.960373,-1.638068,-12.40490723,-7.572889057,0.61,-0.080613259,-0.13205,1
-141.032047,0.749372,13.54622,-1.593054,-90.00305085,-56.49717514,0.628,-0.011110734,-0.0177,1
-325.022174,0.746279,76.213381,-1.56485,-18.05985135,-11.54094728,0.639,-0.055371441,-0.086648,0
545.023956,0.746279,28.041422,-1.564851,-18.05986289,-11.54094728,0.639,-0.055371406,-0.086648,0
1048.019216,0.744197,-0.188317,-1.242534,1.635182102,1.316005922,0.805,0.611552682,0.759875,1
-10.523306,0.745906,42.574356,-1.728945,-24.95662404,-14.43459684,0.578,-0.040069522,-0.069278,1
211.986861,0.749374,-36.125162,-1.564314,22.79709701,14.57322316,0.639,0.043865234,0.068619,1
-316.006939,0.658266,79.190389,-1.704572,-17.25048324,-10.12012589,0.587,-0.057969391,-0.098813,1
1068.463747,0.74593,-15.931121,-0.115189,-0.066463603,-0.576996089,8.68,-15.04582903,-1.733114,1
1069.269759,0.746591,-33.132992,-0.037634,-0.022157041,-0.588750624,26.6,-45.13238029,-1.698512,1
-228.002642,0.746279,70.841687,-1.56485,-18.05964293,-11.54081409,0.639,-0.05537208,-0.086649,0
723.414709,0.746279,18.164437,-1.56485,-18.05985135,-11.54094728,0.639,-0.055371441,-0.086648,0
285.319857,0.746084,-1.25139,-1.594318,463.5993021,290.7822041,0.627,0.002157035,0.003439,1
933.27977,0.750461,-3.016228,-1.705343,32.16960631,18.86400936,0.586,0.031085242,0.053011,1
293.086118,0.746279,41.990504,-1.564812,-18.06274818,-11.54307877,0.639,-0.055362561,-0.086632,0
61.491106,0.746279,54.813256,-1.564813,-18.06275972,-11.54307877,0.639,-0.055362526,-0.086632,0
1021.791822,0.744841,31.054061,0.140872,0.080976277,-0.574821662,-7.1,12.34929581,-1.73967,1
149.121651,0.746279,49.961404,-1.564812,-18.06274818,-11.54307877,0.639,-0.055362561,-0.086632,0
219.539072,0.746279,46.062586,-1.56485,-18.05985135,-11.54094728,0.639,-0.055371441,-0.086648,0
1012.908456,0.746279,2.136006,-1.564812,-18.06274818,-11.54307877,0.639,-0.055362561,-0.086632,0
903.370274,0.746279,8.200821,-1.564812,-18.06274818,-11.54307877,0.639,-0.055362561,-0.086632,0
-426.736219,0.746279,81.845003,-1.564812,-18.06274818,-11.54307877,0.639,-0.055362561,-0.086632,0
1031.686431,0.746279,1.096325,-1.564813,-18.06296822,-11.54321201,0.639,-0.055361887,-0.086631,0
1037.516483,0.749133,-2.60896,-0.831798,0.719768857,0.865316888,1.2,1.389334911,1.155646,1
495.369361,0.658266,32.155099,-1.704572,-17.25048324,-10.12012589,0.587,-0.057969391,-0.098813,1
-30.833915,0.746279,59.92502,-1.56485,-18.05964293,-11.54081409,0.639,-0.05537208,-0.086649,0
529.375644,0.746279,28.907824,-1.56485,-18.05985135,-11.54094728,0.639,-0.055371441,-0.086648,0
731.961557,0.749372,3.846501,-1.593054,-90.00305085,-56.49717514,0.628,-0.011110734,-0.0177,1
756.276144,0.746279,16.345001,-1.564812,-18.06274818,-11.54307877,0.639,-0.055362561,-0.086632,0
210.150085,0.746279,46.582428,-1.56485,-18.05985135,-11.54094728,0.639,-0.055371441,-0.086648,0
113.130553,0.746279,51.954121,-1.56485,-18.05985135,-11.54094728,0.639,-0.055371441,-0.086648,0
-15.185603,0.746279,59.058618,-1.56485,-18.05985135,-11.54094728,0.639,-0.055371441,-0.086648,0
-425.171369,0.746279,81.758354,-1.56485,-18.05964293,-11.54081409,0.639,-0.05537208,-0.086649,0
72.437192,0.749372,11.174391,-1.593054,-90.00305085,-56.49717514,0.628,-0.011110734,-0.0177,1
-310.494134,0.749374,-59.043918,-1.564314,22.79709701,14.57322316,0.639,0.043865234,0.068619,1
207.020423,0.746279,46.755708,-1.56485,-18.05985135,-11.54094728,0.639,-0.055371441,-0.086648,0
87.46758,0.745381,67.451743,-1.774641,-14.28938024,-8.051983606,0.563,-0.069982041,-0.124193,1
1057.494707,0.746851,0.598613,-1.630038,-14.82337856,-9.093885272,0.613,-0.067461004,-0.109964,1
840.777028,0.746279,11.666429,-1.564813,-18.06275972,-11.54307877,0.639,-0.055362526,-0.086632,0
-5.796616,0.746279,58.538777,-1.56485,-18.05985135,-11.54094728,0.639,-0.055371441,-0.086648,0
1044.118523,0.744936,0.515237,-1.726353,-19.14914645,-11.09225428,0.579,-0.052221649,-0.090153,1
957.308736,0.744838,7.451437,-1.638067,-12.4049936,-7.572946406,0.61,-0.080612698,-0.132049,1
0.462709,0.746279,58.192216,-1.56485,-18.05985135,-11.54094728,0.639,-0.055371441,-0.086648,0
1043.967042,0.745908,-49.568941,1.72372,19.41388476,-11.26278326,-0.58,0.051509526,-0.088788,1
-115.334798,0.746279,64.603592,-1.56485,-18.05985135,-11.54094728,0.639,-0.055371441,-0.086648,0
-132.162297,0.749374,-51.221348,-1.564314,22.79709701,14.57322316,0.639,0.043865234,0.068619,1
264.919157,0.746279,43.550028,-1.564812,-18.06274818,-11.54307877,0.639,-0.055362561,-0.086632,0
-16.750453,0.746279,59.145266,-1.564812,-18.06253968,-11.54294553,0.639,-0.0553632,-0.086633,0
585.711681,0.658266,26.917976,-1.704572,-17.25030866,-10.12002348,0.587,-0.057969977,-0.098814,1
1051.353676,0.746587,4.666436,-0.414453,0.427498105,1.031475474,2.41,2.339191657,0.969485,1
483.995521,0.746279,31.420398,-1.564812,-18.06274818,-11.54307877,0.639,-0.055362561,-0.086632,0
1037.427823,0.744676,44.440388,1.70748,-36.10275928,21.14388413,-0.586,-0.027698714,0.047295,1
287.339199,0.744838,61.459604,-1.638068,-12.40500117,-7.572946406,0.61,-0.080612649,-0.132049,1
256.857488,0.696091,-77.009184,-1.626686,10.1847381,6.261035074,0.615,0.098186128,0.159718,1
753.239628,0.749374,-12.382977,-1.564314,22.79709701,14.57322316,0.639,0.043865234,0.068619,1
571.747027,0.750461,-14.254461,-1.705343,32.17021317,18.86436521,0.586,0.031084656,0.05301,1
390.53744,0.744838,53.140497,-1.638067,-12.4049936,-7.572946406,0.61,-0.080612698,-0.132049,1
235.187384,0.746279,45.196184,-1.56485,-18.05985135,-11.54094728,0.639,-0.055371441,-0.086648,0
202.325911,0.746279,47.015637,-1.564813,-18.06275972,-11.54307877,0.639,-0.055362526,-0.086632,0
811.045254,0.746279,13.312585,-1.56485,-18.05985135,-11.54094728,0.639,-0.055371441,-0.086648,0
-95.042135,0.750461,-34.981578,-1.705343,32.16960631,18.86400936,0.586,0.031085242,0.053011,1
-84.038174,0.746279,62.870788,-1.56485,-18.05985135,-11.54094728,0.639,-0.055371441,-0.086648,0
1041.852382,0.749082,-15.110034,1.263907,-5.17843988,4.097168447,-0.791,-0.193108354,0.244071,1
-166.62714,0.754196,144.027648,-1.605881,-8.43868103,-5.254860746,0.623,-0.118501931,-0.1903,1
134.998937,0.744838,73.740189,-1.638067,-12.4049936,-7.572946406,0.61,-0.080612698,-0.132049,1
-477.638244,0.744838,123.12663,-1.638067,-12.40489966,-7.572889057,0.61,-0.080613308,-0.13205,1
781.152594,0.746084,-0.181766,-1.594317,463.4642442,290.6976744,0.627,0.002157664,0.00344,1
-392.190025,0.696091,-140.736812,-1.626685,10.18473184,6.261035074,0.615,0.098186188,0.159718,1
947.312526,0.745906,4.194002,-1.728945,-24.95662404,-14.43459684,0.578,-0.040069522,-0.069278,1
-278.509866,0.745906,53.312541,-1.728945,-24.9562638,-14.43438849,0.578,-0.040070101,-0.069279,1
1067.228209,0.743861,-44.054585,0.731808,0.54826853,-0.749197235,-1.37,1.823923761,-1.334762,1
214.84456,0.746279,46.322515,-1.564812,-18.06274818,-11.54307877,0.639,-0.055362561,-0.086632,0
92.787729,0.746279,53.080451,-1.564812,-18.06253968,-11.54294553,0.639,-0.0553632,-0.086633,0
495.634895,0.745381,38.887171,-1.774641,-14.28938024,-8.051983606,0.563,-0.069982041,-0.124193,1
-247.182183,0.746084,-2.400117,-1.594317,463.4642442,290.6976744,0.627,0.002157664,0.00344,1
179.83841,0.746216,-2.038286,-1.60659,357.7354709,222.6675573,0.622,0.002795362,0.004491,1
645.17315,0.746279,22.496448,-1.56485,-18.05985135,-11.54094728,0.639,-0.055371441,-0.086648,0
-33.963577,0.746279,60.098301,-1.56485,-18.05985135,-11.54094728,0.639,-0.055371441,-0.086648,0
1051.579151,0.749054,-9.468863,0.264232,0.207225019,-0.784254061,-3.78,4.825672137,-1.275097,1
352.549703,0.746279,38.698176,-1.564812,-18.06274818,-11.54307877,0.639,-0.055362561,-0.086632,0
174.15895,0.746279,48.57516,-1.564813,-18.06255122,-11.54294553,0.639,-0.055363165,-0.086633,0
-59.827582,0.745381,77.759827,-1.77464,-14.28925713,-8.051918772,0.563,-0.069982644,-0.124194,1
176.906268,0.746084,-1.485263,-1.594317,463.5990113,290.7822041,0.627,0.002157037,0.003439,1
424.531937,0.746279,34.712726,-1.564813,-18.06275972,-11.54307877,0.639,-0.055362526,-0.086632,0
707.531752,0.744162,-21.08619,-1.708548,15.67705351,9.175658812,0.585,0.063787497,0.108984,1
-230.862367,0.754196,151.639621,-1.605881,-8.438725374,-5.25488836,0.623,-0.118501309,-0.190299,1
671.775261,0.746279,21.023572,-1.564812,-18.06253968,-11.54294553,0.639,-0.0553632,-0.086633,0
-615.290058,0.745381,116.632484,-1.77464,-14.28925713,-8.051918772,0.563,-0.069982644,-0.124194,1
521.551469,0.746279,29.341033,-1.564812,-18.06274818,-11.54307877,0.639,-0.055362561,-0.086632,0
1065.395307,0.744939,23.106935,-0.089188,0.051689075,0.579551902,11.2,19.34644795,1.725471,1
1037.582739,0.744635,10.562841,0.64375,0.634791818,-0.986084377,-1.55,1.575319612,-1.014112,1
837.712604,0.749374,-8.677549,-1.564315,22.79711159,14.57322316,0.639,0.043865206,0.068619,1
-38.658089,0.746279,60.358229,-1.564813,-18.06255122,-11.54294553,0.639,-0.055363165,-0.086633,0
397.929826,0.746279,36.185602,-1.56485,-18.05985135,-11.54094728,0.639,-0.055371441,-0.086648,0
1034.816098,0.746279,0.92306,-1.564816,-18.0652967,-11.5446779,0.639,-0.055354751,-0.08662,0
-94.992011,0.746279,63.477277,-1.564813,-18.06275972,-11.54307877,0.639,-0.055362526,-0.086632,0
994.130482,0.746279,3.175688,-1.564812,-18.06274818,-11.54307877,0.639,-0.055362561,-0.086632,0
857.883959,0.744162,-11.495613,-1.708547,15.67704434,9.175658812,0.585,0.063787534,0.108984,1
-240.521291,0.746279,71.534809,-1.56485,-18.05985135,-11.54094728,0.639,-0.055371441,-0.086648,0
356.085303,0.696091,-67.266364,-1.626686,10.1847381,6.261035074,0.615,0.098186128,0.159718,1
646.737963,0.746279,22.409816,-1.564813,-18.06275972,-11.54307877,0.639,-0.055362526,-0.086632,0
654.562137,0.746279,21.976607,-1.56485,-18.05985135,-11.54094728,0.639,-0.055371441,-0.086648,0
1042.948634,0.74652,14.224924,1.125628,94.11605351,-83.61204013,-0.888,0.01062518,-0.01196,1
191.790068,0.696091,-83.397919,-1.626686,10.1847381,6.261035074,0.615,0.098186128,0.159718,1
914.324111,0.746279,7.594331,-1.56485,-18.05985135,-11.54094728,0.639,-0.055371441,-0.086648,0
252.400508,0.746279,44.24315,-1.564812,-18.06274818,-11.54307877,0.639,-0.055362561,-0.086632,0
161.6403,0.746279,49.268282,-1.564812,-18.06274818,-11.54307877,0.639,-0.055362561,-0.086632,0
136.899772,0.749374,-39.418875,-1.564314,22.79709701,14.57322316,0.639,0.043865234,0.068619,1
-113.769985,0.746279,64.51696,-1.564813,-18.06275972,-11.54307877,0.639,-0.055362526,-0.086632,0
258.21646,0.746084,-1.309858,-1.594318,463.5993021,290.7822041,0.627,0.002157035,0.003439,1
1038.184025,0.744694,0.759196,-1.741371,-16.36703792,-9.39893792,0.574,-0.06109841,-0.106395,1
-334.411161,0.746279,76.733222,-1.56485,-18.05985135,-11.54094728,0.639,-0.055371441,-0.086648,0
598.564044,0.745381,31.683931,-1.774641,-14.28938024,-8.051983606,0.563,-0.069982041,-0.124193,1
781.313443,0.746279,14.958757,-1.564812,-18.06253968,-11.54294553,0.639,-0.0553632,-0.086633,0
793.502003,0.744838,20.656367,-1.638067,-12.40489966,-7.572889057,0.61,-0.080613308,-0.13205,1
567.08622,0.749374,-20.548642,-1.564314,22.79709701,14.57322316,0.639,0.043865234,0.068619,1
-184.187369,0.746279,68.415761,-1.56485,-18.05964293,-11.54081409,0.639,-0.05537208,-0.086649,0
-174.078921,0.744162,-77.321846,-1.708548,15.67705351,9.175658812,0.585,0.063787497,0.108984,1
839.212215,0.746279,11.753061,-1.56485,-18.05964293,-11.54081409,0.639,-0.05537208,-0.086649,0
978.847962,0.746084,0.244707,-1.594317,463.5990113,290.7822041,0.627,0.002157037,0.003439,1
-418.223447,0.749372,16.626058,-1.593054,-90.00305085,-56.49717514,0.628,-0.011110734,-0.0177,1
-176.363232,0.746279,67.982568,-1.564812,-18.06253968,-11.54294553,0.639,-0.0553632,-0.086633,0
770.359644,0.746279,15.565231,-1.56485,-18.05985135,-11.54094728,0.639,-0.055371441,-0.086648,0
11.270896,0.658266,60.218171,-1.704572,-17.25048324,-10.12012589,0.587,-0.057969391,-0.098813,1
-218.613655,0.746279,70.321846,-1.56485,-18.05985135,-11.54094728,0.639,-0.055371441,-0.086648,0
933.558654,0.696091,-10.566344,-1.626686,10.1847381,6.261035074,0.615,0.098186128,0.159718,1
-419.816501,0.749372,16.643758,-1.593054,-90.00305085,-56.49717514,0.628,-0.011110734,-0.0177,1
428.628863,0.745906,24.977587,-1.728946,-24.95663847,-14.43459684,0.578,-0.040069499,-0.069278,1
1017.602968,0.746279,1.876077,-1.56485,-18.05985135,-11.54094728,0.639,-0.055371441,-0.086648,0
1041.085883,0.746193,-0.748263,-0.99542,-1.944510102,-1.953456935,1,-0.514268349,-0.511913,1
1062.702063,0.744897,-47.815596,1.354421,2.169809296,-1.602019827,-0.738,0.460869995,-0.624212,1
-518.862513,0.680672,-104.889846,-1.784364,14.93129158,8.367850718,0.56,0.066973443,0.119505,1
-141.936946,0.746279,66.076484,-1.564813,-18.06275972,-11.54307877,0.639,-0.055362526,-0.086632,0
892.416475,0.746279,8.807294,-1.56485,-18.05985135,-11.54094728,0.639,-0.055371441,-0.086648,0
585.709566,0.746279,25.788776,-1.56485,-18.05985135,-11.54094728,0.639,-0.055371441,-0.086648,0
629.524839,0.746279,23.36285,-1.56485,-18.05985135,-11.54094728,0.639,-0.055371441,-0.086648,0
1021.653617,0.746095,-2.707448,-1.60977,7.715168943,4.792715073,0.621,0.12961479,0.20865,1
1035.87016,0.748812,-6.831751,0.039495,-0.035701534,0.903950717,-25.3,-28.01000127,1.106255,1
477.072914,0.749372,6.678536,-1.593054,-90.00305085,-56.49717514,0.628,-0.011110734,-0.0177,1
865.814326,0.746279,10.280186,-1.564812,-18.06274818,-11.54307877,0.639,-0.055362561,-0.086632,0
-204.530193,0.746279,69.542092,-1.564812,-18.06274818,-11.54307877,0.639,-0.055362561,-0.086632,0
-328.574117,0.744838,111.110143,-1.638067,-12.40489966,-7.572889057,0.61,-0.080613308,-0.13205,1
45.842794,0.746279,55.679658,-1.564812,-18.06274818,-11.54307877,0.639,-0.055362561,-0.086632,0
-137.242434,0.746279,65.816555,-1.56485,-18.05985135,-11.54094728,0.639,-0.055371441,-0.086648,0
1044.868642,0.746886,14.164579,1.002509,-2.915100814,2.907805131,-0.997,-0.343041309,0.343902,1
-287.04012,0.746084,-2.4861,-1.594317,463.5990113,290.7822041,0.627,0.002157037,0.003439,1
1040.05178,0.744277,13.438125,1.266645,1.706286877,-1.347091629,-0.789,0.58606792,-0.74234,1
1045.685956,0.745918,-49.468283,1.728324,18.66622026,-10.80018576,-0.579,0.05357271,-0.092591,1
-361.01331,0.746279,78.206114,-1.564812,-18.06274818,-11.54307877,0.639,-0.055362561,-0.086632,0
416.307548,0.754196,74.948995,-1.605881,-8.438725374,-5.25488836,0.623,-0.118501309,-0.190299,1
695.571917,0.744162,-21.849077,-1.708548,15.67705351,9.175658812,0.585,0.063787497,0.108984,1
164.769963,0.746279,49.095002,-1.564813,-18.06275972,-11.54307877,0.639,-0.055362526,-0.086632,0
-262.055185,0.696091,-127.959342,-1.626686,10.18467433,6.260995874,0.615,0.098186743,0.159719,1
-526.558033,0.745381,110.422795,-1.77464,-14.28937219,-8.051983606,0.563,-0.069982081,-0.124193,1
687.929144,0.696091,-34.683817,-1.626685,10.18473184,6.261035074,0.615,0.098186188,0.159718,1
72.444943,0.746279,54.206766,-1.56485,-18.05985135,-11.54094728,0.639,-0.055371441,-0.086648,0
854.860527,0.746279,10.886659,-1.56485,-18.05985135,-11.54094728,0.639,-0.055371441,-0.086648,0
587.10552,0.744838,37.29458,-1.638068,-12.40500117,-7.572946406,0.61,-0.080612649,-0.132049,1
-485.828581,0.744838,123.786877,-1.638067,-12.4049936,-7.572946406,0.61,-0.080612698,-0.132049,1
526.245982,0.746279,29.081104,-1.564851,-18.05986289,-11.54094728,0.639,-0.055371406,-0.086648,0
435.485774,0.746279,34.106237,-1.56485,-18.05985135,-11.54094728,0.639,-0.055371441,-0.086648,0
-231.928145,0.744838,103.319234,-1.638067,-12.4049936,-7.572946406,0.61,-0.080612698,-0.132049,1
1020.732631,0.746279,1.702797,-1.56485,-18.05985135,-11.54094728,0.639,-0.055371441,-0.086648,0
-276.512427,0.746279,73.527542,-1.564812,-18.06274818,-11.54307877,0.639,-0.055362561,-0.086632,0
928.509082,0.746216,0.054497,-1.60659,357.7354709,222.6675573,0.622,0.002795362,0.004491,1
1035.856553,0.748923,-5.977172,-0.125174,0.105474523,0.842623255,7.99,9.4809625,1.18677,1
957.154574,0.750461,-2.274081,-1.705343,32.16960631,18.86400936,0.586,0.031085242,0.053011,1
1024.279595,0.743859,-47.835703,1.31683,-1.742617731,1.323342976,-0.759,-0.57384932,0.755662,1
310.29928,0.746279,41.037454,-1.56485,-18.05985135,-11.54094728,0.639,-0.055371441,-0.086648,0
316.558605,0.746279,40.690893,-1.56485,-18.05985135,-11.54094728,0.639,-0.055371441,-0.086648,0
509.03282,0.746279,30.034155,-1.564813,-18.06275972,-11.54307877,0.639,-0.055362526,-0.086632,0
987.871157,0.746279,3.522249,-1.564812,-18.06274818,-11.54307877,0.639,-0.055362561,-0.086632,0
-251.475128,0.746279,72.141299,-1.564812,-18.06274818,-11.54307877,0.639,-0.055362561,-0.086632,0
-229.567492,0.746279,70.928336,-1.564812,-18.06274818,-11.54307877,0.639,-0.055362561,-0.086632,0
712.460872,0.746279,18.770927,-1.564813,-18.06275972,-11.54307877,0.639,-0.055362526,-0.086632,0
-123.158972,0.746279,65.036801,-1.564813,-18.06275972,-11.54307877,0.639,-0.055362526,-0.086632,0
440.180248,0.746279,33.846324,-1.564812,-18.06274818,-11.54307877,0.639,-0.055362561,-0.086632,0
-140.372096,0.746279,65.989835,-1.56485,-18.05964293,-11.54081409,0.639,-0.05537208,-0.086649,0
694.435886,0.696091,-34.044944,-1.626686,10.1847381,6.261035074,0.615,0.098186128,0.159718,1
317.976348,0.745906,29.411418,-1.728946,-24.95627824,-14.43438849,0.578,-0.040070077,-0.069279,1
1051.842064,0.748535,-6.925451,-0.252905,-0.24131742,-0.954182085,3.95,-4.143919654,-1.048018,1
652.997287,0.746279,22.063255,-1.564812,-18.06274818,-11.54307877,0.639,-0.055362561,-0.086632,0
33.324144,0.746279,56.37278,-1.564812,-18.06274818,-11.54307877,0.639,-0.055362561,-0.086632,0
-122.200402,0.746216,-2.882585,-1.60659,357.7354709,222.6675573,0.622,0.002795362,0.004491,1
-505.262347,0.745381,108.932469,-1.77464,-14.28925713,-8.051918772,0.563,-0.069982644,-0.124194,1
991.150689,0.744162,-2.994874,-1.708548,15.67705351,9.175658812,0.585,0.063787497,0.108984,1
189.529951,0.680672,-57.446368,-1.784364,14.93129158,8.367850718,0.56,0.066973443,0.119505,1
1051.549975,0.746785,5.142358,-0.361447,0.364638315,1.008829274,2.77,2.742443567,0.991248,1
1036.40761,0.746639,8.241776,0.430518,0.444185132,-1.031745786,-2.32,2.251313534,-0.969231,1
1014.641093,0.744838,2.829711,-1.638068,-12.40500117,-7.572946406,0.61,-0.080612649,-0.132049,1
-353.189135,0.746279,77.772905,-1.56485,-18.05985135,-11.54094728,0.639,-0.055371441,-0.086648,0
85.049634,0.746216,-2.303252,-1.60659,357.7354709,222.6675573,0.622,0.002795362,0.004491,1
12.981358,0.746279,57.499094,-1.56485,-18.05964293,-11.54081409,0.639,-0.05537208,-0.086649,0
146.285658,0.749374,-39.007161,-1.564314,22.79709701,14.57322316,0.639,0.043865234,0.068619,1
1062.290807,0.745416,4.438288,-1.022851,0.92998798,0.909211586,0.978,1.075282715,1.099854,1
917.453774,0.746279,7.421051,-1.56485,-18.05985135,-11.54094728,0.639,-0.055371441,-0.086648,0
-279.642089,0.746279,73.700822,-1.564813,-18.06255122,-11.54294553,0.639,-0.055363165,-0.086633,0
812.610066,0.746279,13.225953,-1.564812,-18.06274818,-11.54307877,0.639,-0.055362561,-0.086632,0
851.440609,0.749372,2.518985,-1.593054,-90.00305085,-56.49717514,0.628,-0.011110734,-0.0177,1
344.725566,0.746279,39.131369,-1.56485,-18.05985135,-11.54094728,0.639,-0.055371441,-0.086648,0
-207.659855,0.746279,69.715373,-1.564813,-18.06275972,-11.54307877,0.639,-0.055362526,-0.086632,0
-371.538946,0.746084,-2.668383,-1.594318,463.5993021,290.7822041,0.627,0.002157035,0.003439,1
595.098553,0.746279,25.268935,-1.56485,-18.05985135,-11.54094728,0.639,-0.055371441,-0.086648,0
-396.078163,0.745906,58.023487,-1.728945,-24.9562638,-14.43438849,0.578,-0.040070101,-0.069279,1
58.361443,0.746279,54.986536,-1.564812,-18.06274818,-11.54307877,0.639,-0.055362561,-0.086632,0
826.693566,0.746279,12.446183,-1.56485,-18.05985135,-11.54094728,0.639,-0.055371441,-0.086648,0
-116.899648,0.746279,64.69024,-1.564812,-18.06274818,-11.54307877,0.639,-0.055362561,-0.086632,0
591.149744,0.745906,18.465397,-1.728946,-24.95663847,-14.43459684,0.578,-0.040069499,-0.069278,1
460.523072,0.746279,32.719993,-1.56485,-18.05985135,-11.54094728,0.639,-0.055371441,-0.086648,0
-40.222902,0.746279,60.444862,-1.56485,-18.05985135,-11.54094728,0.639,-0.055371441,-0.086648,0
554.173746,0.746216,-0.991895,-1.60659,357.8151448,222.7171492,0.622,0.002794739,0.00449,1
258.659833,0.746279,43.896589,-1.564812,-18.06274818,-11.54307877,0.639,-0.055362561,-0.086632,0
472.513372,0.754196,68.288518,-1.605881,-8.43868103,-5.254860746,0.623,-0.118501931,-0.1903,1
150.686501,0.746279,49.874756,-1.56485,-18.05985135,-11.54094728,0.639,-0.055371441,-0.086648,0
138.167852,0.746279,50.567877,-1.56485,-18.05964293,-11.54081409,0.639,-0.05537208,-0.086649,0
-370.402297,0.746279,78.725955,-1.564812,-18.06274818,-11.54307877,0.639,-0.055362561,-0.086632,0
1051.238345,0.745108,9.103576,0.411368,-0.300391182,0.73022496,-2.43,-3.328992532,1.369441,1
1019.964123,0.745403,-40.006242,0.264995,-0.159126433,0.600488437,-3.77,-6.284311025,1.665311,1
633.83656,0.680672,-27.689628,-1.784364,14.93129158,8.367850718,0.56,0.066973443,0.119505,1
1037.54319,0.74816,-11.912053,0.767096,-0.767298567,1.00026407,-1.3,-1.303273645,0.999736,1
-206.54133,0.744162,-79.392539,-1.708548,15.67705351,9.175658812,0.585,0.063787497,0.108984,1
-35.528427,0.746279,60.184949,-1.564812,-18.06274818,-11.54307877,0.639,-0.055362561,-0.086632,0
102.176716,0.746279,52.56061,-1.564812,-18.06274818,-11.54307877,0.639,-0.055362561,-0.086632,0
-454.863689,0.749372,17.033163,-1.593054,-90.00305085,-56.49717514,0.628,-0.011110734,-0.0177,1
-539.708154,0.744162,-100.644386,-1.708548,15.67719736,9.175743006,0.585,0.063786911,0.108983,1
576.320579,0.746279,26.308617,-1.56485,-18.05964293,-11.54081409,0.639,-0.05537208,-0.086649,0
831.900952,0.680672,-14.424576,-1.784364,14.93129158,8.367850718,0.56,0.066973443,0.119505,1
-285.901414,0.746279,74.047383,-1.564812,-18.06253968,-11.54294553,0.639,-0.0553632,-0.086633,0
-232.169547,0.744162,-81.027296,-1.708548,15.67705351,9.175658812,0.585,0.063787497,0.108984,1
1019.167781,0.746279,1.789445,-1.564813,-18.06275972,-11.54307877,0.639,-0.055362526,-0.086632,0
388.540839,0.746279,36.705443,-1.56485,-18.05985135,-11.54094728,0.639,-0.055371441,-0.086648,0
383.846326,0.746279,36.965372,-1.564812,-18.06274818,-11.54307877,0.639,-0.055362561,-0.086632,0
1040.259949,0.74624,-49.828448,1.713595,22.41605076,-13.08130028,-0.584,0.044610891,-0.076445,1
75.574605,0.746279,54.033486,-1.56485,-18.05985135,-11.54094728,0.639,-0.055371441,-0.086648,0
815.739729,0.746279,13.052673,-1.564812,-18.06274818,-11.54307877,0.639,-0.055362561,-0.086632,0
865.651421,0.746084,0.000517,-1.594318,463.5993021,290.7822041,0.627,0.002157035,0.003439,1
365.035731,0.746084,-1.079425,-1.594317,463.5990113,290.7822041,0.627,0.002157037,0.003439,1
270.143511,0.744162,-48.98605,-1.708548,15.67705351,9.175658812,0.585,0.063787497,0.108984,1
790.477747,0.754196,30.609253,-1.605881,-8.438725374,-5.25488836,0.623,-0.118501309,-0.190299,1
-328.151837,0.746279,76.386661,-1.56485,-18.05985135,-11.54094728,0.639,-0.055371441,-0.086648,0
55.524051,0.745381,69.687231,-1.774641,-14.28926518,-8.051918772,0.563,-0.069982605,-0.124194,1
-18.60107,0.744162,-67.404318,-1.708548,15.67719736,9.175743006,0.585,0.063786911,0.108983,1
-168.539057,0.746279,67.549359,-1.56485,-18.05985135,-11.54094728,0.639,-0.055371441,-0.086648,0
569.470047,0.749372,5.651923,-1.593054,-90.00305085,-56.49717514,0.628,-0.011110734,-0.0177,1
17.675833,0.746279,57.239182,-1.564812,-18.06274818,-11.54307877,0.639,-0.055362561,-0.086632,0
463.652735,0.746279,32.546713,-1.56485,-18.05985135,-11.54094728,0.639,-0.055371441,-0.086648,0
366.633202,0.746279,37.918406,-1.56485,-18.05985135,-11.54094728,0.639,-0.055371441,-0.086648,0
1036.3078,0.749059,-4.465516,-0.422439,0.310460084,0.734922874,2.37,3.221025994,1.360687,1
302.475105,0.746279,41.470663,-1.564812,-18.06274818,-11.54307877,0.639,-0.055362561,-0.086632,0
1044.17545,0.696095,0.289463,-1.628031,10.39896651,6.387449938,0.614,0.096163402,0.156557,1
1025.38677,0.745285,3.298015,-1.088806,-1.049048125,-0.963484886,0.918,-0.953245114,-1.037899,1
672.739005,0.746084,-0.415639,-1.594317,463.5990113,290.7822041,0.627,0.002157037,0.003439,1
355.570902,0.744162,-43.536859,-1.708548,15.67705351,9.175658812,0.585,0.063787497,0.108984,1
-463.764187,0.696091,-147.76442,-1.626685,10.18473184,6.261035074,0.615,0.098186188,0.159718,1
-351.624323,0.746279,77.686272,-1.564812,-18.06253968,-11.54294553,0.639,-0.0553632,-0.086633,0
931.537235,0.746279,6.641297,-1.564812,-18.06274818,-11.54307877,0.639,-0.055362561,-0.086632,0
-67.418449,0.680672,-74.655086,-1.784364,14.93129158,8.367850718,0.56,0.066973443,0.119505,1
159.569947,0.744838,71.75945,-1.638067,-12.4049936,-7.572946406,0.61,-0.080612698,-0.132049,1
1035.798623,0.748743,-6.962198,0.099622,-0.091924941,0.922737356,-10,-10.87844051,1.083732,1
83.890247,0.754196,114.340954,-1.605881,-8.438725374,-5.25488836,0.623,-0.118501309,-0.190299,1
331.062682,0.746095,-92.218188,-1.609769,7.71516415,4.792715073,0.621,0.12961487,0.20865,1
1050.430844,0.744277,10.502808,0.742189,-0.585857589,0.78936442,-1.35,-1.706899456,1.266842,1
294.650969,0.746279,41.903856,-1.564851,-18.05986289,-11.54094728,0.639,-0.055371406,-0.086648,0
1026.66584,0.74643,2.311297,-1.206413,-1.414926469,-1.172837551,0.829,-0.706750507,-0.852633,1
1010.150124,0.658266,2.313381,-1.704572,-17.25048324,-10.12012589,0.587,-0.057969391,-0.098813,1
-113.633077,0.754196,137.747771,-1.605881,-8.438725374,-5.25488836,0.623,-0.118501309,-0.190299,1
962.833859,0.746279,4.908492,-1.564813,-18.06255122,-11.54294553,0.639,-0.055363165,-0.086633,0
1048.857658,0.748132,-13.274246,0.97337,1.151072586,-1.182564272,-1.03,0.868754944,-0.84562,1
-372.669799,0.696091,-138.820191,-1.626685,10.18466807,6.260995874,0.615,0.098186803,0.159719,1
8.286846,0.746279,57.759023,-1.564812,-18.06274818,-11.54307877,0.639,-0.055362561,-0.086632,0
543.459105,0.746279,28.12807,-1.564812,-18.06274818,-11.54307877,0.639,-0.055362561,-0.086632,0
-489.791155,0.696091,-150.319914,-1.626685,10.18473184,6.261035074,0.615,0.098186188,0.159718,1
290.615333,0.744838,61.195505,-1.638067,-12.4049936,-7.572946406,0.61,-0.080612698,-0.132049,1
1022.297443,0.746279,1.616164,-1.564812,-18.06253968,-11.54294553,0.639,-0.0553632,-0.086633,0
394.800163,0.746279,36.358882,-1.56485,-18.05985135,-11.54094728,0.639,-0.055371441,-0.086648,0
204.331298,0.754196,100.068505,-1.605881,-8.438725374,-5.25488836,0.623,-0.118501309,-0.190299,1
-217.770586,0.745381,88.813075,-1.77464,-14.28925713,-8.051918772,0.563,-0.069982644,-0.124194,1
528.719196,0.754196,61.628042,-1.605881,-8.438725374,-5.25488836,0.623,-0.118501309,-0.190299,1
-38.765812,0.750461,-33.232231,-1.705343,32.17021317,18.86436521,0.586,0.031084656,0.05301,1
76.464267,0.746084,-1.701939,-1.594318,463.5993021,290.7822041,0.627,0.002157035,0.003439,1
926.842761,0.746279,6.901209,-1.56485,-18.05964293,-11.54081409,0.639,-0.05537208,-0.086649,0
-226.43783,0.746279,70.755055,-1.564812,-18.06274818,-11.54307877,0.639,-0.055362561,-0.086632,0
871.238922,0.745906,7.242261,-1.728945,-24.95662404,-14.43459684,0.578,-0.040069522,-0.069278,1
-86.515419,0.750461,-34.716525,-1.705344,32.16962517,18.86400936,0.586,0.031085224,0.053011,1
1047.856819,0.744333,-0.263888,-1.282396,1.758853614,1.37153704,0.78,0.568552148,0.729109,1
656.12695,0.746279,21.889974,-1.564813,-18.06255122,-11.54294553,0.639,-0.055363165,-0.086633,0
34.888995,0.746279,56.286131,-1.564851,-18.05965447,-11.54081409,0.639,-0.055372045,-0.086649,0
1026.777222,0.74518,-0.941531,-1.551128,3.864362358,2.491323964,0.645,0.258774904,0.401393,1
831.388041,0.746279,12.18627,-1.564813,-18.06255122,-11.54294553,0.639,-0.055363165,-0.086633,0
609.182015,0.746279,24.489181,-1.564813,-18.06275972,-11.54307877,0.639,-0.055362526,-0.086632,0
902.359942,0.745906,5.995246,-1.728945,-24.95662404,-14.43459684,0.578,-0.040069522,-0.069278,1
-581.571888,0.745381,114.272802,-1.774641,-14.28926518,-8.051918772,0.563,-0.069982605,-0.124194,1
904.935124,0.746279,8.114172,-1.56485,-18.05964293,-11.54081409,0.639,-0.05537208,-0.086649,0
1037.047662,0.745968,0.016277,-1.732595,16.83291395,9.715434911,0.577,0.059407421,0.102929,1
-321.892512,0.746279,76.0401,-1.56485,-18.05985135,-11.54094728,0.639,-0.055371441,-0.086648,0
-19.880115,0.746279,59.318547,-1.564813,-18.06275972,-11.54307877,0.639,-0.055362526,-0.086632,0
-118.916939,0.750461,-35.723725,-1.705343,32.16960631,18.86400936,0.586,0.031085242,0.053011,1
762.229584,0.749372,3.510197,-1.593054,-90.00305085,-56.49717514,0.628,-0.011110734,-0.0177,1
247.706033,0.746279,44.503062,-1.56485,-18.05964293,-11.54081409,0.639,-0.05537208,-0.086649,0
30.194482,0.746279,56.54606,-1.564812,-18.06274818,-11.54307877,0.639,-0.055362561,-0.086632,0
834.517703,0.746279,12.01299,-1.564812,-18.06274818,-11.54307877,0.639,-0.055362561,-0.086632,0
318.123417,0.746279,40.604261,-1.564812,-18.06274818,-11.54307877,0.639,-0.055362561,-0.086632,0
864.249514,0.746279,10.366818,-1.56485,-18.05985135,-11.54094728,0.639,-0.055371441,-0.086648,0
52.102119,0.746279,55.333097,-1.564813,-18.06275972,-11.54307877,0.639,-0.055362526,-0.086632,0
973.787696,0.746279,4.302003,-1.56485,-18.05985135,-11.54094728,0.639,-0.055371441,-0.086648,0
